FuelCode,Price,IsAvailable,FuelOutletIdentifier,OutletName,Address,Postcode,Suburb,FuelBrandIdentifier,Longitude,Latitude,BrandIdentifier,BrandName,collection_datetime,collection_date
DL,244.00,True,08220001,Sandpalms Roadhouse,Lot 29 Bynoe Haven Rd,0822,Bynoe Haven,IN,130.615763,-12.81274,IN,Independent,2023-05-11 14:00:17.473315,2023-05-11
U91,195.00,True,08220001,Sandpalms Roadhouse,Lot 29 Bynoe Haven Rd,0822,Bynoe Haven,IN,130.615763,-12.81274,IN,Independent,2023-05-11 14:00:17.473315,2023-05-11
DL,235.00,True,08220002,Douglas Daly Holiday Park,Portion 3360 Oolloo Road,0822,Douglas Daly ,PM,131.370842,-13.546532,PM,Puma Energy,2023-05-11 14:00:17.473315,2023-05-11
LAF,195.00,True,08220002,Douglas Daly Holiday Park,Portion 3360 Oolloo Road,0822,Douglas Daly ,PM,131.370842,-13.546532,PM,Puma Energy,2023-05-11 14:00:17.473315,2023-05-11
DL,0.00,True,08600003,Lone Star Service Station,3 Lot 1192 Paterson Street,0860,Tennant Creek  ,AM,134.187991,-19.653985,AM,AMPOL,2023-05-11 14:00:17.473315,2023-05-11
LAF,204.90,True,08600003,Lone Star Service Station,3 Lot 1192 Paterson Street,0860,Tennant Creek  ,AM,134.187991,-19.653985,AM,AMPOL,2023-05-11 14:00:17.473315,2023-05-11
P95,216.90,True,08600003,Lone Star Service Station,3 Lot 1192 Paterson Street,0860,Tennant Creek  ,AM,134.187991,-19.653985,AM,AMPOL,2023-05-11 14:00:17.473315,2023-05-11
PD,196.90,True,08600003,Lone Star Service Station,3 Lot 1192 Paterson Street,0860,Tennant Creek  ,AM,134.187991,-19.653985,AM,AMPOL,2023-05-11 14:00:17.473315,2023-05-11
DL,339.00,True,08220004,Milingimbi Store,Gadapu Road,0822,Milingimbi,PM,134.919574,-12.103322,PM,Puma Energy,2023-05-11 14:00:17.473315,2023-05-11
LAF,339.00,True,08220004,Milingimbi Store,Gadapu Road,0822,Milingimbi,PM,134.919574,-12.103322,PM,Puma Energy,2023-05-11 14:00:17.473315,2023-05-11
DL,261.00,True,08520005,Kalkaringi Store,66 Buntine Highway,0852,Kalkarindji,PM,130.833808,-17.447503,PM,Puma Energy,2023-05-11 14:00:17.473315,2023-05-11
LAF,239.00,True,08520005,Kalkaringi Store,66 Buntine Highway,0852,Kalkarindji,PM,130.833808,-17.447503,PM,Puma Energy,2023-05-11 14:00:17.473315,2023-05-11
DL,379.00,True,08220006,Ramingining Xpress,22 Ganinydja Road,0822,Ramingining,PM,134.925448,-12.332083,PM,Puma Energy,2023-05-11 14:00:17.473315,2023-05-11
LAF,379.00,True,08220006,Ramingining Xpress,22 Ganinydja Road,0822,Ramingining,PM,134.925448,-12.332083,PM,Puma Energy,2023-05-11 14:00:17.473315,2023-05-11
DL,275.00,True,08520007,Lajamanu Store & Service Station,Lot 315,0852,Lajamanu,PM,130.637291,-18.335695,PM,Puma Energy,2023-05-11 14:00:17.473315,2023-05-11
LAF,274.00,True,08520007,Lajamanu Store & Service Station,Lot 315,0852,Lajamanu,PM,130.637291,-18.335695,PM,Puma Energy,2023-05-11 14:00:17.473315,2023-05-11
DL,260.00,True,08520008,Robinson River Store,Robinson River Rd,0852,Robinson River ,PM,136.983529,-16.758521,PM,Puma Energy,2023-05-11 14:00:17.473315,2023-05-11
LAF,250.00,True,08520008,Robinson River Store,Robinson River Rd,0852,Robinson River ,PM,136.983529,-16.758521,PM,Puma Energy,2023-05-11 14:00:17.473315,2023-05-11
DL,228.00,True,08540009,Malandari Store,330 Robinson Rd,0854,Borroloola,UN,136.307327,-16.057088,UN,United,2023-05-11 14:00:17.473315,2023-05-11
LAF,199.00,True,08540009,Malandari Store,330 Robinson Rd,0854,Borroloola,UN,136.307327,-16.057088,UN,United,2023-05-11 14:00:17.473315,2023-05-11
DL,245.00,True,08220010,Nauiyu Store,Lot 88 Nauiyu - 1 Main Street,0822,Daly River,PM,130.690265,-13.75048,PM,Puma Energy,2023-05-11 14:00:17.473315,2023-05-11
LAF,215.00,True,08220010,Nauiyu Store,Lot 88 Nauiyu - 1 Main Street,0822,Daly River,PM,130.690265,-13.75048,PM,Puma Energy,2023-05-11 14:00:17.473315,2023-05-11
DL,250.00,True,08220011,Nganmarriyanga Community Store,Lot 103,0822,Nganmarriyanga,PM,129.882286,-14.353405,PM,Puma Energy,2023-05-11 14:00:17.473315,2023-05-11
LAF,245.00,True,08220011,Nganmarriyanga Community Store,Lot 103,0822,Nganmarriyanga,PM,129.882286,-14.353405,PM,Puma Energy,2023-05-11 14:00:17.473315,2023-05-11
DL,299.00,True,08220012,Pirlangimpi Community Store,LOT 262,0822,PIRLANGIMPI,PM,130.417765,-11.40313,PM,Puma Energy,2023-05-11 14:00:17.473315,2023-05-11
LAF,319.00,True,08220012,Pirlangimpi Community Store,LOT 262,0822,PIRLANGIMPI,PM,130.417765,-11.40313,PM,Puma Energy,2023-05-11 14:00:17.473315,2023-05-11
DL,341.00,True,08220013,Ajurumu Self Service store,24 Hour. Lot 43 Warruwi Community,0822,Warruwi,PM,133.389994,-11.650534,PM,Puma Energy,2023-05-11 14:00:17.473315,2023-05-11
LAF,290.00,True,08220013,Ajurumu Self Service store,24 Hour. Lot 43 Warruwi Community,0822,Warruwi,PM,133.389994,-11.650534,PM,Puma Energy,2023-05-11 14:00:17.473315,2023-05-11
DL,260.00,True,08520015,Beswick Store,52 Ngalagan Street,0852,Beswick,PM,133.116874,-14.561027,PM,Puma Energy,2023-05-11 14:00:17.473315,2023-05-11
LAF,260.00,True,08520015,Beswick Store,52 Ngalagan Street,0852,Beswick,PM,133.116874,-14.561027,PM,Puma Energy,2023-05-11 14:00:17.473315,2023-05-11
DL,220.00,True,08220016,Angurugu Community Store,Lot 327-373 ,0822,Angurugu,IN,136.461896,-13.981412,IN,Independent,2023-05-11 14:00:17.473315,2023-05-11
DL,0.00,True,08520017,Timber Creek Store (Old),"Lot 13, Victoria Highway",0852,Timber Creek ,IN,130.480756,-15.662884,IN,Independent,2023-05-11 14:00:17.473315,2023-05-11
P95,0.00,True,08520017,Timber Creek Store (Old),"Lot 13, Victoria Highway",0852,Timber Creek ,IN,130.480756,-15.662884,IN,Independent,2023-05-11 14:00:17.473315,2023-05-11
U91,0.00,True,08520017,Timber Creek Store (Old),"Lot 13, Victoria Highway",0852,Timber Creek ,IN,130.480756,-15.662884,IN,Independent,2023-05-11 14:00:17.473315,2023-05-11
DL,270.00,True,08700018,Santa Teresa Store,Cnr Store Rd/Alice Rd (Lot 132) ,0870,Santa Teresa,IN,134.372429,-24.1299,IN,Independent,2023-05-11 14:00:17.473315,2023-05-11
LAF,270.00,True,08700018,Santa Teresa Store,Cnr Store Rd/Alice Rd (Lot 132) ,0870,Santa Teresa,IN,134.372429,-24.1299,IN,Independent,2023-05-11 14:00:17.473315,2023-05-11
DL,0.00,True,08720019,Ti Tree Store,35 Spencer St,0872,Ti Tree ,PM,133.413494,-22.128564,PM,Puma Energy,2023-05-11 14:00:17.473315,2023-05-11
LAF,0.00,True,08720019,Ti Tree Store,35 Spencer St,0872,Ti Tree ,PM,133.413494,-22.128564,PM,Puma Energy,2023-05-11 14:00:17.473315,2023-05-11
DL,300.00,True,08720020,Titjikala Store,Lot 28,0872,Titjikala,CA,134.075971,-24.674253,CA,Caltex,2023-05-11 14:00:17.473315,2023-05-11
LAF,275.00,True,08720020,Titjikala Store,Lot 28,0872,Titjikala,CA,134.075971,-24.674253,CA,Caltex,2023-05-11 14:00:17.473315,2023-05-11
DL,280.00,True,08520021,Ngukurr Store,"Lot 339, Balamurra St ",0852,Ngukurr,PM,134.73355,-14.733209,PM,Puma Energy,2023-05-11 14:00:17.473315,2023-05-11
LAF,260.00,True,08520021,Ngukurr Store,"Lot 339, Balamurra St ",0852,Ngukurr,PM,134.73355,-14.733209,PM,Puma Energy,2023-05-11 14:00:17.473315,2023-05-11
DL,290.00,True,08700022,Mt Liebig Store,20 Kely Road,0872,Mount Liebig,IN,131.272643,-23.266204,IN,Independent,2023-05-11 14:00:17.473315,2023-05-11
LAF,275.00,True,08700022,Mt Liebig Store,20 Kely Road,0872,Mount Liebig,IN,131.272643,-23.266204,IN,Independent,2023-05-11 14:00:17.473315,2023-05-11
DL,330.00,True,08220023,Lagulalya Store,Lot 7,0822,Milyakburra,PM,136.194962,-13.782702,PM,Puma Energy,2023-05-11 14:00:17.473315,2023-05-11
LAF,285.00,True,08220023,Lagulalya Store,Lot 7,0822,Milyakburra,PM,136.194962,-13.782702,PM,Puma Energy,2023-05-11 14:00:17.473315,2023-05-11
DL,315.00,True,08720024,Mirnirri Store ,"Lot 168, Jungara Street",0872,Ali Curung,PM,134.405907,-21.002413,PM,Puma Energy,2023-05-11 14:00:17.473315,2023-05-11
LAF,280.00,True,08720024,Mirnirri Store ,"Lot 168, Jungara Street",0872,Ali Curung,PM,134.405907,-21.002413,PM,Puma Energy,2023-05-11 14:00:17.473315,2023-05-11
DL,285.00,True,08520025,Gulin Gulin Store ,Bulman via Central Arnhem Highway NT,0852,Bulman,PM,134.333928,-13.665901,PM,Puma Energy,2023-05-11 14:00:17.473315,2023-05-11
LAF,250.00,True,08520025,Gulin Gulin Store ,Bulman via Central Arnhem Highway NT,0852,Bulman,PM,134.333928,-13.665901,PM,Puma Energy,2023-05-11 14:00:17.473315,2023-05-11
DL,295.00,True,08720026,Canteen Creek Store ,Lot 48 Canteen Creek Davenport Ranges,0872,Canteen Creek,PM,135.585732,-20.644573,PM,Puma Energy,2023-05-11 14:00:17.473315,2023-05-11
LAF,285.00,True,08720026,Canteen Creek Store ,Lot 48 Canteen Creek Davenport Ranges,0872,Canteen Creek,PM,135.585732,-20.644573,PM,Puma Energy,2023-05-11 14:00:17.473315,2023-05-11
DL,285.00,True,08720027,Nyirripi Store ,"Lot 22, Nyirripi Community off Tanami Track",0872,Nyirripi ,IN,130.552139,-22.649659,IN,Independent,2023-05-11 14:00:17.473315,2023-05-11
LAF,275.00,True,08720027,Nyirripi Store ,"Lot 22, Nyirripi Community off Tanami Track",0872,Nyirripi ,IN,130.552139,-22.649659,IN,Independent,2023-05-11 14:00:17.473315,2023-05-11
P95,223.00,True,08540028,TJS One Stop,Lot 535 & 796 Robinson Rd,0854,Borroloola,UN,136.306301,-16.05368,UN,United,2023-05-11 14:00:17.473315,2023-05-11
DL,206.90,True,08350029,Puma Coolalinga,465 Stuart Highway,0835,COOLALINGA,PM,131.043451,-12.52337,PM,Puma Energy,2023-05-11 14:00:17.473315,2023-05-11
P95,197.90,True,08350029,Puma Coolalinga,465 Stuart Highway,0835,COOLALINGA,PM,131.043451,-12.52337,PM,Puma Energy,2023-05-11 14:00:17.473315,2023-05-11
U91,182.90,True,08350029,Puma Coolalinga,465 Stuart Highway,0835,COOLALINGA,PM,131.043451,-12.52337,PM,Puma Energy,2023-05-11 14:00:17.473315,2023-05-11
DL,0.00,True,08300030,Caltex Berry Springs,808 Cox Peninsula Road,0830,Berry Springs,CA,131.014053,-12.700744,CA,Caltex,2023-05-11 14:00:17.473315,2023-05-11
P95,0.00,True,08300030,Caltex Berry Springs,808 Cox Peninsula Road,0830,Berry Springs,CA,131.014053,-12.700744,CA,Caltex,2023-05-11 14:00:17.473315,2023-05-11
U91,0.00,True,08300030,Caltex Berry Springs,808 Cox Peninsula Road,0830,Berry Springs,CA,131.014053,-12.700744,CA,Caltex,2023-05-11 14:00:17.473315,2023-05-11
DL,275.00,True,08700031,Kintore Store,Lot 116 Kintore Community,0870,Kintore,CA,129.388544,-23.275545,CA,Caltex,2023-05-11 14:00:17.473315,2023-05-11
LAF,270.00,True,08700031,Kintore Store,Lot 116 Kintore Community,0870,Kintore,CA,129.388544,-23.275545,CA,Caltex,2023-05-11 14:00:17.473315,2023-05-11
DL,300.00,True,08720032,Wirliyajarrayi Store ,Lot 39,0872,Willowra,PM,132.609854,-21.247534,PM,Puma Energy,2023-05-11 14:00:17.473315,2023-05-11
LAF,275.00,True,08720032,Wirliyajarrayi Store ,Lot 39,0872,Willowra,PM,132.609854,-21.247534,PM,Puma Energy,2023-05-11 14:00:17.473315,2023-05-11
DL,285.00,True,08720033,Nguru Walalja Store ,Lot 430 ,0870,Yuendumu,PM,131.794646,-22.25555,PM,Puma Energy,2023-05-11 14:00:17.473315,2023-05-11
LAF,285.00,True,08720033,Nguru Walalja Store ,Lot 430 ,0870,Yuendumu,PM,131.794646,-22.25555,PM,Puma Energy,2023-05-11 14:00:17.473315,2023-05-11
DL,206.90,True,08390034,COLES EXPRESS COOLALINGA,425 STUART HWY,0839,COOLALINGA,SH,131.040981,-12.520863,SH,Shell,2023-05-11 14:00:17.473315,2023-05-11
LAF,182.90,True,08390034,COLES EXPRESS COOLALINGA,425 STUART HWY,0839,COOLALINGA,SH,131.040981,-12.520863,SH,Shell,2023-05-11 14:00:17.473315,2023-05-11
P95,199.90,True,08390034,COLES EXPRESS COOLALINGA,425 STUART HWY,0839,COOLALINGA,SH,131.040981,-12.520863,SH,Shell,2023-05-11 14:00:17.473315,2023-05-11
U91,182.90,True,08390034,COLES EXPRESS COOLALINGA,425 STUART HWY,0839,COOLALINGA,SH,131.040981,-12.520863,SH,Shell,2023-05-11 14:00:17.473315,2023-05-11
DL,209.90,True,08700035,COLES EXPRESS ALICE SPRINGS GAP RD,2 BAGOT ST (CNR GAP RD),0870,ALICE SPRINGS,SH,133.878905,-23.707372,SH,Shell,2023-05-11 14:00:17.473315,2023-05-11
LAF,201.90,True,08700035,COLES EXPRESS ALICE SPRINGS GAP RD,2 BAGOT ST (CNR GAP RD),0870,ALICE SPRINGS,SH,133.878905,-23.707372,SH,Shell,2023-05-11 14:00:17.473315,2023-05-11
P95,218.90,True,08700035,COLES EXPRESS ALICE SPRINGS GAP RD,2 BAGOT ST (CNR GAP RD),0870,ALICE SPRINGS,SH,133.878905,-23.707372,SH,Shell,2023-05-11 14:00:17.473315,2023-05-11
U91,201.90,True,08700035,COLES EXPRESS ALICE SPRINGS GAP RD,2 BAGOT ST (CNR GAP RD),0870,ALICE SPRINGS,SH,133.878905,-23.707372,SH,Shell,2023-05-11 14:00:17.473315,2023-05-11
DL,207.90,True,08700036,COLES EXPRESS ALICE SPRINGS MT GILLEN,6 LARAPINTA DRIVE,0870,ALICE SPRINGS,SH,133.871468,-23.701117,SH,Shell,2023-05-11 14:00:17.473315,2023-05-11
LAF,201.90,True,08700036,COLES EXPRESS ALICE SPRINGS MT GILLEN,6 LARAPINTA DRIVE,0870,ALICE SPRINGS,SH,133.871468,-23.701117,SH,Shell,2023-05-11 14:00:17.473315,2023-05-11
P95,218.90,True,08700036,COLES EXPRESS ALICE SPRINGS MT GILLEN,6 LARAPINTA DRIVE,0870,ALICE SPRINGS,SH,133.871468,-23.701117,SH,Shell,2023-05-11 14:00:17.473315,2023-05-11
U91,201.90,True,08700036,COLES EXPRESS ALICE SPRINGS MT GILLEN,6 LARAPINTA DRIVE,0870,ALICE SPRINGS,SH,133.871468,-23.701117,SH,Shell,2023-05-11 14:00:17.473315,2023-05-11
DL,194.90,True,08700037,COLES EXPRESS ALICE SPRINGS TRUCK STOP,Cnr DALGETY RD & LILBILI ST,0870,ALICE SPRINGS,SH,133.864878,-23.66775,SH,Shell,2023-05-11 14:00:17.473315,2023-05-11
LAF,200.90,True,08700037,COLES EXPRESS ALICE SPRINGS TRUCK STOP,Cnr DALGETY RD & LILBILI ST,0870,ALICE SPRINGS,SH,133.864878,-23.66775,SH,Shell,2023-05-11 14:00:17.473315,2023-05-11
P95,217.90,True,08700037,COLES EXPRESS ALICE SPRINGS TRUCK STOP,Cnr DALGETY RD & LILBILI ST,0870,ALICE SPRINGS,SH,133.864878,-23.66775,SH,Shell,2023-05-11 14:00:17.473315,2023-05-11
U91,200.90,True,08700037,COLES EXPRESS ALICE SPRINGS TRUCK STOP,Cnr DALGETY RD & LILBILI ST,0870,ALICE SPRINGS,SH,133.864878,-23.66775,SH,Shell,2023-05-11 14:00:17.473315,2023-05-11
DL,206.90,True,08500038,COLES EXPRESS KATHERINE,30 KATHERINE TERRACE,0850,KATHERINE,SH,132.262743,-14.46551,SH,Shell,2023-05-11 14:00:17.473315,2023-05-11
LAF,189.90,True,08500038,COLES EXPRESS KATHERINE,30 KATHERINE TERRACE,0850,KATHERINE,SH,132.262743,-14.46551,SH,Shell,2023-05-11 14:00:17.473315,2023-05-11
P95,206.90,True,08500038,COLES EXPRESS KATHERINE,30 KATHERINE TERRACE,0850,KATHERINE,SH,132.262743,-14.46551,SH,Shell,2023-05-11 14:00:17.473315,2023-05-11
U91,189.90,True,08500038,COLES EXPRESS KATHERINE,30 KATHERINE TERRACE,0850,KATHERINE,SH,132.262743,-14.46551,SH,Shell,2023-05-11 14:00:17.473315,2023-05-11
DL,206.90,True,08000039,COLES EXPRESS DARWIN CITY,37 DALY ST,0800,DARWIN ,SH,130.838773,-12.454479,SH,Shell,2023-05-11 14:00:17.473315,2023-05-11
LAF,181.90,True,08000039,COLES EXPRESS DARWIN CITY,37 DALY ST,0800,DARWIN ,SH,130.838773,-12.454479,SH,Shell,2023-05-11 14:00:17.473315,2023-05-11
P95,198.90,True,08000039,COLES EXPRESS DARWIN CITY,37 DALY ST,0800,DARWIN ,SH,130.838773,-12.454479,SH,Shell,2023-05-11 14:00:17.473315,2023-05-11
U91,181.90,True,08000039,COLES EXPRESS DARWIN CITY,37 DALY ST,0800,DARWIN ,SH,130.838773,-12.454479,SH,Shell,2023-05-11 14:00:17.473315,2023-05-11
DL,207.50,True,08210040,BP Winnellie,386 STUART HIGHWAY,0821,WINNELLIE,BP,130.869226,-12.425722,BP,BP,2023-05-11 14:00:17.473315,2023-05-11
P95,195.50,True,08210040,BP Winnellie,386 STUART HIGHWAY,0821,WINNELLIE,BP,130.869226,-12.425722,BP,BP,2023-05-11 14:00:17.473315,2023-05-11
U91,181.50,True,08210040,BP Winnellie,386 STUART HIGHWAY,0821,WINNELLIE,BP,130.869226,-12.425722,BP,BP,2023-05-11 14:00:17.473315,2023-05-11
DL,206.90,True,08100041,COLES EXPRESS CASUARINA (NT),247 TROWER (CNR DRIPSTONE RDS),0810,CASUARINA,SH,130.882005,-12.376822,SH,Shell,2023-05-11 14:00:17.473315,2023-05-11
LAF,181.90,True,08100041,COLES EXPRESS CASUARINA (NT),247 TROWER (CNR DRIPSTONE RDS),0810,CASUARINA,SH,130.882005,-12.376822,SH,Shell,2023-05-11 14:00:17.473315,2023-05-11
U91,181.90,True,08100041,COLES EXPRESS CASUARINA (NT),247 TROWER (CNR DRIPSTONE RDS),0810,CASUARINA,SH,130.882005,-12.376822,SH,Shell,2023-05-11 14:00:17.473315,2023-05-11
DL,206.90,True,08300042,COLES EXPRESS PALMERSTON,2 YARRAWONGA RD (CNR ROYSTONEA AVE),0830,PALMERSTON,SH,130.9841,-12.473721,SH,Shell,2023-05-11 14:00:17.473315,2023-05-11
LAF,181.90,True,08300042,COLES EXPRESS PALMERSTON,2 YARRAWONGA RD (CNR ROYSTONEA AVE),0830,PALMERSTON,SH,130.9841,-12.473721,SH,Shell,2023-05-11 14:00:17.473315,2023-05-11
P95,198.90,True,08300042,COLES EXPRESS PALMERSTON,2 YARRAWONGA RD (CNR ROYSTONEA AVE),0830,PALMERSTON,SH,130.9841,-12.473721,SH,Shell,2023-05-11 14:00:17.473315,2023-05-11
U91,181.90,True,08300042,COLES EXPRESS PALMERSTON,2 YARRAWONGA RD (CNR ROYSTONEA AVE),0830,PALMERSTON,SH,130.9841,-12.473721,SH,Shell,2023-05-11 14:00:17.473315,2023-05-11
DL,205.90,True,08300043,COLES EXPRESS FAIRWAY WATERS,130 UNIVERSITY AVENUE,0830,PALMERSTON,SH,130.970135,-12.480144,SH,Shell,2023-05-11 14:00:17.473315,2023-05-11
LAF,181.90,True,08300043,COLES EXPRESS FAIRWAY WATERS,130 UNIVERSITY AVENUE,0830,PALMERSTON,SH,130.970135,-12.480144,SH,Shell,2023-05-11 14:00:17.473315,2023-05-11
P95,198.90,True,08300043,COLES EXPRESS FAIRWAY WATERS,130 UNIVERSITY AVENUE,0830,PALMERSTON,SH,130.970135,-12.480144,SH,Shell,2023-05-11 14:00:17.473315,2023-05-11
U91,181.90,True,08300043,COLES EXPRESS FAIRWAY WATERS,130 UNIVERSITY AVENUE,0830,PALMERSTON,SH,130.970135,-12.480144,SH,Shell,2023-05-11 14:00:17.473315,2023-05-11
LAF,181.90,True,08100044,COLES EXPRESS NIGHTCLIFF,37 PROGRESS DRIVE,0810,NIGHTCLIFF,SH,130.851979,-12.388251,SH,Shell,2023-05-11 14:00:17.473315,2023-05-11
P95,198.90,True,08100044,COLES EXPRESS NIGHTCLIFF,37 PROGRESS DRIVE,0810,NIGHTCLIFF,SH,130.851979,-12.388251,SH,Shell,2023-05-11 14:00:17.473315,2023-05-11
U91,181.90,True,08100044,COLES EXPRESS NIGHTCLIFF,37 PROGRESS DRIVE,0810,NIGHTCLIFF,SH,130.851979,-12.388251,SH,Shell,2023-05-11 14:00:17.473315,2023-05-11
DL,199.50,True,08200045,FuelXpress Winnellie,46 Coonawarra Road,0820,Winnellie,FX,130.874918,-12.43158,FX,FuelXpress,2023-05-11 14:00:17.473315,2023-05-11
P95,188.50,True,08200045,FuelXpress Winnellie,46 Coonawarra Road,0820,Winnellie,FX,130.874918,-12.43158,FX,FuelXpress,2023-05-11 14:00:17.473315,2023-05-11
U91,175.50,True,08200045,FuelXpress Winnellie,46 Coonawarra Road,0820,Winnellie,FX,130.874918,-12.43158,FX,FuelXpress,2023-05-11 14:00:17.473315,2023-05-11
P95,195.50,True,08280046,Ampol Berrimah,92 Jessop Cres,0828,Berrimah,AM,130.9131,-12.427976,AM,AMPOL,2023-05-11 14:00:17.473315,2023-05-11
P98,227.50,True,08280046,Ampol Berrimah,92 Jessop Cres,0828,Berrimah,AM,130.9131,-12.427976,AM,AMPOL,2023-05-11 14:00:17.473315,2023-05-11
PD,210.90,True,08280046,Ampol Berrimah,92 Jessop Cres,0828,Berrimah,AM,130.9131,-12.427976,AM,AMPOL,2023-05-11 14:00:17.473315,2023-05-11
U91,181.50,True,08280046,Ampol Berrimah,92 Jessop Cres,0828,Berrimah,AM,130.9131,-12.427976,AM,AMPOL,2023-05-11 14:00:17.473315,2023-05-11
LAF,201.70,True,08700047,EG Ampol Alice Springs,Corner Wills Street and Railway Terrace,0870,Alice Springs,EA,133.880355,-23.695662,EA,EG Ampol,2023-05-11 14:00:17.473315,2023-05-11
P95,216.70,True,08700047,EG Ampol Alice Springs,Corner Wills Street and Railway Terrace,0870,Alice Springs,EA,133.880355,-23.695662,EA,EG Ampol,2023-05-11 14:00:17.473315,2023-05-11
PD,208.00,True,08700047,EG Ampol Alice Springs,Corner Wills Street and Railway Terrace,0870,Alice Springs,EA,133.880355,-23.695662,EA,EG Ampol,2023-05-11 14:00:17.473315,2023-05-11
P95,194.50,True,08310048,EG Ampol Bakewell,Corner Chung Wah Terrace and Lambrick Avenue,0831,Bakewell,EA,130.986152,-12.499875,EA,EG Ampol,2023-05-11 14:00:17.473315,2023-05-11
PD,206.90,True,08310048,EG Ampol Bakewell,Corner Chung Wah Terrace and Lambrick Avenue,0831,Bakewell,EA,130.986152,-12.499875,EA,EG Ampol,2023-05-11 14:00:17.473315,2023-05-11
U91,181.50,True,08310048,EG Ampol Bakewell,Corner Chung Wah Terrace and Lambrick Avenue,0831,Bakewell,EA,130.986152,-12.499875,EA,EG Ampol,2023-05-11 14:00:17.473315,2023-05-11
P95,194.50,True,08100049,EG Ampol Casuarina,283 Trower Road,0810,Casuarina,EA,130.883614,-12.372055,EA,EG Ampol,2023-05-11 14:00:17.473315,2023-05-11
PD,206.90,True,08100049,EG Ampol Casuarina,283 Trower Road,0810,Casuarina,EA,130.883614,-12.372055,EA,EG Ampol,2023-05-11 14:00:17.473315,2023-05-11
U91,181.50,True,08100049,EG Ampol Casuarina,283 Trower Road,0810,Casuarina,EA,130.883614,-12.372055,EA,EG Ampol,2023-05-11 14:00:17.473315,2023-05-11
P95,194.50,True,08360050,EG Ampol Coolalinga,20 Henning Road,0836,Coolalinga,EA,131.042567,-12.524825,EA,EG Ampol,2023-05-11 14:00:17.473315,2023-05-11
PD,206.90,True,08360050,EG Ampol Coolalinga,20 Henning Road,0836,Coolalinga,EA,131.042567,-12.524825,EA,EG Ampol,2023-05-11 14:00:17.473315,2023-05-11
U91,181.50,True,08360050,EG Ampol Coolalinga,20 Henning Road,0836,Coolalinga,EA,131.042567,-12.524825,EA,EG Ampol,2023-05-11 14:00:17.473315,2023-05-11
P95,194.50,True,08120051,EG Ampol Karama,37 Kalymnos Drive,0812,Karama,EA,130.916358,-12.401029,EA,EG Ampol,2023-05-11 14:00:17.473315,2023-05-11
PD,208.50,True,08120051,EG Ampol Karama,37 Kalymnos Drive,0812,Karama,EA,130.916358,-12.401029,EA,EG Ampol,2023-05-11 14:00:17.473315,2023-05-11
U91,181.50,True,08120051,EG Ampol Karama,37 Kalymnos Drive,0812,Karama,EA,130.916358,-12.401029,EA,EG Ampol,2023-05-11 14:00:17.473315,2023-05-11
LAF,189.90,True,08500052,EG Ampol Katherine,Corner Lindsay and First Streets,0850,Katherine,EA,132.26618,-14.465399,EA,EG Ampol,2023-05-11 14:00:17.473315,2023-05-11
P95,202.90,True,08500052,EG Ampol Katherine,Corner Lindsay and First Streets,0850,Katherine,EA,132.26618,-14.465399,EA,EG Ampol,2023-05-11 14:00:17.473315,2023-05-11
PD,206.90,True,08500052,EG Ampol Katherine,Corner Lindsay and First Streets,0850,Katherine,EA,132.26618,-14.465399,EA,EG Ampol,2023-05-11 14:00:17.473315,2023-05-11
LPG,0.00,True,08140053,EG Ampol Nightcliff,159 Dick Ward Drive,0814,Nightcliff,EA,130.851965,-12.389526,EA,EG Ampol,2023-05-11 14:00:17.473315,2023-05-11
P95,194.50,True,08140053,EG Ampol Nightcliff,159 Dick Ward Drive,0814,Nightcliff,EA,130.851965,-12.389526,EA,EG Ampol,2023-05-11 14:00:17.473315,2023-05-11
PD,206.90,True,08140053,EG Ampol Nightcliff,159 Dick Ward Drive,0814,Nightcliff,EA,130.851965,-12.389526,EA,EG Ampol,2023-05-11 14:00:17.473315,2023-05-11
U91,181.50,True,08140053,EG Ampol Nightcliff,159 Dick Ward Drive,0814,Nightcliff,EA,130.851965,-12.389526,EA,EG Ampol,2023-05-11 14:00:17.473315,2023-05-11
DL,206.90,True,08310054,EG Ampol Palmerston,15 Yarrawonga Road,0831,Palmerston,EA,130.984279,-12.470486,EA,EG Ampol,2023-05-11 14:00:17.473315,2023-05-11
P95,194.50,True,08310054,EG Ampol Palmerston,15 Yarrawonga Road,0831,Palmerston,EA,130.984279,-12.470486,EA,EG Ampol,2023-05-11 14:00:17.473315,2023-05-11
PD,208.90,True,08310054,EG Ampol Palmerston,15 Yarrawonga Road,0831,Palmerston,EA,130.984279,-12.470486,EA,EG Ampol,2023-05-11 14:00:17.473315,2023-05-11
U91,181.50,True,08310054,EG Ampol Palmerston,15 Yarrawonga Road,0831,Palmerston,EA,130.984279,-12.470486,EA,EG Ampol,2023-05-11 14:00:17.473315,2023-05-11
DL,206.90,True,08350055,EG Ampol Holtze,883 Stuart Highway,0835,Holtze,EA,130.965929,-12.454353,EA,EG Ampol,2023-05-11 14:00:17.473315,2023-05-11
P95,194.50,True,08350055,EG Ampol Holtze,883 Stuart Highway,0835,Holtze,EA,130.965929,-12.454353,EA,EG Ampol,2023-05-11 14:00:17.473315,2023-05-11
PD,208.90,True,08350055,EG Ampol Holtze,883 Stuart Highway,0835,Holtze,EA,130.965929,-12.454353,EA,EG Ampol,2023-05-11 14:00:17.473315,2023-05-11
U91,181.50,True,08350055,EG Ampol Holtze,883 Stuart Highway,0835,Holtze,EA,130.965929,-12.454353,EA,EG Ampol,2023-05-11 14:00:17.473315,2023-05-11
LPG,136.90,True,08300056,Ampol Yarrawonga,8 Middleton St,0830,Yarrawonga,AM,130.987781,-12.469825,AM,AMPOL,2023-05-11 14:00:17.473315,2023-05-11
P95,195.50,True,08300056,Ampol Yarrawonga,8 Middleton St,0830,Yarrawonga,AM,130.987781,-12.469825,AM,AMPOL,2023-05-11 14:00:17.473315,2023-05-11
P98,227.50,True,08300056,Ampol Yarrawonga,8 Middleton St,0830,Yarrawonga,AM,130.987781,-12.469825,AM,AMPOL,2023-05-11 14:00:17.473315,2023-05-11
PD,210.90,True,08300056,Ampol Yarrawonga,8 Middleton St,0830,Yarrawonga,AM,130.987781,-12.469825,AM,AMPOL,2023-05-11 14:00:17.473315,2023-05-11
U91,181.50,True,08300056,Ampol Yarrawonga,8 Middleton St,0830,Yarrawonga,AM,130.987781,-12.469825,AM,AMPOL,2023-05-11 14:00:17.473315,2023-05-11
P95,195.50,True,08200057,Ampol Star Mart Eaton,Cnr McMillans Rd & Neale St,0820,Eaton,AM,130.859903,-12.397213,AM,AMPOL,2023-05-11 14:00:17.473315,2023-05-11
P98,227.50,True,08200057,Ampol Star Mart Eaton,Cnr McMillans Rd & Neale St,0820,Eaton,AM,130.859903,-12.397213,AM,AMPOL,2023-05-11 14:00:17.473315,2023-05-11
PD,210.90,True,08200057,Ampol Star Mart Eaton,Cnr McMillans Rd & Neale St,0820,Eaton,AM,130.859903,-12.397213,AM,AMPOL,2023-05-11 14:00:17.473315,2023-05-11
U91,181.50,True,08200057,Ampol Star Mart Eaton,Cnr McMillans Rd & Neale St,0820,Eaton,AM,130.859903,-12.397213,AM,AMPOL,2023-05-11 14:00:17.473315,2023-05-11
DL,208.90,True,08220058,Ampol Diesel Stop Wishart,Cnr Wishart Road & McCarthy Close,0822,Wishart,AM,130.929661,-12.461616,AM,AMPOL,2023-05-11 14:00:17.473315,2023-05-11
PD,211.90,True,08220058,Ampol Diesel Stop Wishart,Cnr Wishart Road & McCarthy Close,0822,Wishart,AM,130.929661,-12.461616,AM,AMPOL,2023-05-11 14:00:17.473315,2023-05-11
DL,206.50,True,08100059,UNITED COCONUT GROVE (BAGOT ROAD) PIEFACE,253 Bagot Road,0810,Coconut Grove,UN,130.855703,-12.402207,UN,United,2023-05-11 14:00:17.473315,2023-05-11
P95,194.50,True,08100059,UNITED COCONUT GROVE (BAGOT ROAD) PIEFACE,253 Bagot Road,0810,Coconut Grove,UN,130.855703,-12.402207,UN,United,2023-05-11 14:00:17.473315,2023-05-11
U91,181.50,True,08100059,UNITED COCONUT GROVE (BAGOT ROAD) PIEFACE,253 Bagot Road,0810,Coconut Grove,UN,130.855703,-12.402207,UN,United,2023-05-11 14:00:17.473315,2023-05-11
DL,206.50,True,08000060,UNITED DARWIN (SMITH STREET) PIEFACE,103 Smith Street,0800,Darwin,UN,130.836149,-12.458111,UN,United,2023-05-11 14:00:17.473315,2023-05-11
P95,194.50,True,08000060,UNITED DARWIN (SMITH STREET) PIEFACE,103 Smith Street,0800,Darwin,UN,130.836149,-12.458111,UN,United,2023-05-11 14:00:17.473315,2023-05-11
P98,221.50,True,08000060,UNITED DARWIN (SMITH STREET) PIEFACE,103 Smith Street,0800,Darwin,UN,130.836149,-12.458111,UN,United,2023-05-11 14:00:17.473315,2023-05-11
U91,181.50,True,08000060,UNITED DARWIN (SMITH STREET) PIEFACE,103 Smith Street,0800,Darwin,UN,130.836149,-12.458111,UN,United,2023-05-11 14:00:17.473315,2023-05-11
DL,205.90,True,08500061,UNITED KATHERINE PIEFACE,37 Katherine Terrace,0850,Katherine,UN,132.260655,-14.462967,UN,United,2023-05-11 14:00:17.473315,2023-05-11
LAF,189.90,True,08500061,UNITED KATHERINE PIEFACE,37 Katherine Terrace,0850,Katherine,UN,132.260655,-14.462967,UN,United,2023-05-11 14:00:17.473315,2023-05-11
LPG,192.90,True,08500061,UNITED KATHERINE PIEFACE,37 Katherine Terrace,0850,Katherine,UN,132.260655,-14.462967,UN,United,2023-05-11 14:00:17.473315,2023-05-11
P95,202.90,True,08500061,UNITED KATHERINE PIEFACE,37 Katherine Terrace,0850,Katherine,UN,132.260655,-14.462967,UN,United,2023-05-11 14:00:17.473315,2023-05-11
P98,220.90,True,08500061,UNITED KATHERINE PIEFACE,37 Katherine Terrace,0850,Katherine,UN,132.260655,-14.462967,UN,United,2023-05-11 14:00:17.473315,2023-05-11
DL,206.50,True,08390062,UNITED COOLALINGA PIEFACE & ROADHOUSE,Lot 2 420 Stuart Hwy,0839,COOLALINGA,UN,131.040123,-12.522443,UN,United,2023-05-11 14:00:17.473315,2023-05-11
P95,194.50,True,08390062,UNITED COOLALINGA PIEFACE & ROADHOUSE,Lot 2 420 Stuart Hwy,0839,COOLALINGA,UN,131.040123,-12.522443,UN,United,2023-05-11 14:00:17.473315,2023-05-11
P98,221.50,True,08390062,UNITED COOLALINGA PIEFACE & ROADHOUSE,Lot 2 420 Stuart Hwy,0839,COOLALINGA,UN,131.040123,-12.522443,UN,United,2023-05-11 14:00:17.473315,2023-05-11
PD,208.50,True,08390062,UNITED COOLALINGA PIEFACE & ROADHOUSE,Lot 2 420 Stuart Hwy,0839,COOLALINGA,UN,131.040123,-12.522443,UN,United,2023-05-11 14:00:17.473315,2023-05-11
U91,181.50,True,08390062,UNITED COOLALINGA PIEFACE & ROADHOUSE,Lot 2 420 Stuart Hwy,0839,COOLALINGA,UN,131.040123,-12.522443,UN,United,2023-05-11 14:00:17.473315,2023-05-11
DL,206.50,True,08370063,UNITED NOONAMAH ROADHOUSE,1805 Stuart Highway,0837,NOONAMAH,UN,131.074496,-12.633774,UN,United,2023-05-11 14:00:17.473315,2023-05-11
P95,194.50,True,08370063,UNITED NOONAMAH ROADHOUSE,1805 Stuart Highway,0837,NOONAMAH,UN,131.074496,-12.633774,UN,United,2023-05-11 14:00:17.473315,2023-05-11
P98,221.50,True,08370063,UNITED NOONAMAH ROADHOUSE,1805 Stuart Highway,0837,NOONAMAH,UN,131.074496,-12.633774,UN,United,2023-05-11 14:00:17.473315,2023-05-11
U91,181.50,True,08370063,UNITED NOONAMAH ROADHOUSE,1805 Stuart Highway,0837,NOONAMAH,UN,131.074496,-12.633774,UN,United,2023-05-11 14:00:17.473315,2023-05-11
DL,206.50,True,08360064,UNITED HUMPTY DOO  ,340 Arnhem Highway,0836,HUMPTY DOO,UN,131.10414,-12.572874,UN,United,2023-05-11 14:00:17.473315,2023-05-11
P95,194.50,True,08360064,UNITED HUMPTY DOO  ,340 Arnhem Highway,0836,HUMPTY DOO,UN,131.10414,-12.572874,UN,United,2023-05-11 14:00:17.473315,2023-05-11
U91,181.50,True,08360064,UNITED HUMPTY DOO  ,340 Arnhem Highway,0836,HUMPTY DOO,UN,131.10414,-12.572874,UN,United,2023-05-11 14:00:17.473315,2023-05-11
DL,206.50,True,08200065,UNITED LUDMILLA,187 Bagot Road,0820,LUDMILLA,UN,130.855712,-12.40943,UN,United,2023-05-11 14:00:17.473315,2023-05-11
P95,194.50,True,08200065,UNITED LUDMILLA,187 Bagot Road,0820,LUDMILLA,UN,130.855712,-12.40943,UN,United,2023-05-11 14:00:17.473315,2023-05-11
U91,181.50,True,08200065,UNITED LUDMILLA,187 Bagot Road,0820,LUDMILLA,UN,130.855712,-12.40943,UN,United,2023-05-11 14:00:17.473315,2023-05-11
DL,206.50,True,08100066,UNITED CASUARINA PIEFACE,17 Vanderlin Drive,0810,WANGURI,UN,130.88528,-12.376162,UN,United,2023-05-11 14:00:17.473315,2023-05-11
P95,194.50,True,08100066,UNITED CASUARINA PIEFACE,17 Vanderlin Drive,0810,WANGURI,UN,130.88528,-12.376162,UN,United,2023-05-11 14:00:17.473315,2023-05-11
P98,221.50,True,08100066,UNITED CASUARINA PIEFACE,17 Vanderlin Drive,0810,WANGURI,UN,130.88528,-12.376162,UN,United,2023-05-11 14:00:17.473315,2023-05-11
U91,181.50,True,08100066,UNITED CASUARINA PIEFACE,17 Vanderlin Drive,0810,WANGURI,UN,130.88528,-12.376162,UN,United,2023-05-11 14:00:17.473315,2023-05-11
DL,189.90,True,08500067,UNITED KATHERINE DEPOT,4A Emungalan Road,0850,KATHERINE,UN,132.248104,-14.450602,UN,United,2023-05-11 14:00:17.473315,2023-05-11
LAF,179.90,True,08500067,UNITED KATHERINE DEPOT,4A Emungalan Road,0850,KATHERINE,UN,132.248104,-14.450602,UN,United,2023-05-11 14:00:17.473315,2023-05-11
P95,192.90,True,08500067,UNITED KATHERINE DEPOT,4A Emungalan Road,0850,KATHERINE,UN,132.248104,-14.450602,UN,United,2023-05-11 14:00:17.473315,2023-05-11
P98,219.90,True,08500067,UNITED KATHERINE DEPOT,4A Emungalan Road,0850,KATHERINE,UN,132.248104,-14.450602,UN,United,2023-05-11 14:00:17.473315,2023-05-11
DL,206.50,True,08200068,UNITED WINNELLIE ROADHOUSE,1545 Stuart Highway (cnr Hook Road),0820,WINNELLIE,UN,130.893602,-12.426162,UN,United,2023-05-11 14:00:17.473315,2023-05-11
P95,194.50,True,08200068,UNITED WINNELLIE ROADHOUSE,1545 Stuart Highway (cnr Hook Road),0820,WINNELLIE,UN,130.893602,-12.426162,UN,United,2023-05-11 14:00:17.473315,2023-05-11
P98,221.50,True,08200068,UNITED WINNELLIE ROADHOUSE,1545 Stuart Highway (cnr Hook Road),0820,WINNELLIE,UN,130.893602,-12.426162,UN,United,2023-05-11 14:00:17.473315,2023-05-11
U91,181.50,True,08200068,UNITED WINNELLIE ROADHOUSE,1545 Stuart Highway (cnr Hook Road),0820,WINNELLIE,UN,130.893602,-12.426162,UN,United,2023-05-11 14:00:17.473315,2023-05-11
DL,206.50,True,08200069,UNITED PARAP PIEFACE,209 Stuart Hwy ,0820,PARAP,UN,130.848332,-12.4329,UN,United,2023-05-11 14:00:17.473315,2023-05-11
E85,249.90,True,08200069,UNITED PARAP PIEFACE,209 Stuart Hwy ,0820,PARAP,UN,130.848332,-12.4329,UN,United,2023-05-11 14:00:17.473315,2023-05-11
P95,194.50,True,08200069,UNITED PARAP PIEFACE,209 Stuart Hwy ,0820,PARAP,UN,130.848332,-12.4329,UN,United,2023-05-11 14:00:17.473315,2023-05-11
P98,221.50,True,08200069,UNITED PARAP PIEFACE,209 Stuart Hwy ,0820,PARAP,UN,130.848332,-12.4329,UN,United,2023-05-11 14:00:17.473315,2023-05-11
U91,181.50,True,08200069,UNITED PARAP PIEFACE,209 Stuart Hwy ,0820,PARAP,UN,130.848332,-12.4329,UN,United,2023-05-11 14:00:17.473315,2023-05-11
DL,206.50,True,08220070,UNITED ACACIA HILLS PIEFACE & ROADHOUSE,3760 Stuart Highway,0822,ACACIA HILLS,UN,131.12208,-12.799117,UN,United,2023-05-11 14:00:17.473315,2023-05-11
P95,194.50,True,08220070,UNITED ACACIA HILLS PIEFACE & ROADHOUSE,3760 Stuart Highway,0822,ACACIA HILLS,UN,131.12208,-12.799117,UN,United,2023-05-11 14:00:17.473315,2023-05-11
U91,181.50,True,08220070,UNITED ACACIA HILLS PIEFACE & ROADHOUSE,3760 Stuart Highway,0822,ACACIA HILLS,UN,131.12208,-12.799117,UN,United,2023-05-11 14:00:17.473315,2023-05-11
DL,206.50,True,08320071,UNITED PALMERSTON (ROSEBERY) PIEFACE,"Lot 1102, 164 Forrest Parade",0832,ROSEBERY,UN,130.990031,-12.508645,UN,United,2023-05-11 14:00:17.473315,2023-05-11
E85,249.90,True,08320071,UNITED PALMERSTON (ROSEBERY) PIEFACE,"Lot 1102, 164 Forrest Parade",0832,ROSEBERY,UN,130.990031,-12.508645,UN,United,2023-05-11 14:00:17.473315,2023-05-11
P95,194.50,True,08320071,UNITED PALMERSTON (ROSEBERY) PIEFACE,"Lot 1102, 164 Forrest Parade",0832,ROSEBERY,UN,130.990031,-12.508645,UN,United,2023-05-11 14:00:17.473315,2023-05-11
P98,221.50,True,08320071,UNITED PALMERSTON (ROSEBERY) PIEFACE,"Lot 1102, 164 Forrest Parade",0832,ROSEBERY,UN,130.990031,-12.508645,UN,United,2023-05-11 14:00:17.473315,2023-05-11
U91,181.50,True,08320071,UNITED PALMERSTON (ROSEBERY) PIEFACE,"Lot 1102, 164 Forrest Parade",0832,ROSEBERY,UN,130.990031,-12.508645,UN,United,2023-05-11 14:00:17.473315,2023-05-11
DL,205.90,True,08500072,UNITED KATHERINE SOUTH,440 Victoria Hwy,0850,KATHERINE SOUTH,UN,132.2575,-14.485745,UN,United,2023-05-11 14:00:17.473315,2023-05-11
LAF,189.90,True,08500072,UNITED KATHERINE SOUTH,440 Victoria Hwy,0850,KATHERINE SOUTH,UN,132.2575,-14.485745,UN,United,2023-05-11 14:00:17.473315,2023-05-11
LPG,190.50,True,08500072,UNITED KATHERINE SOUTH,440 Victoria Hwy,0850,KATHERINE SOUTH,UN,132.2575,-14.485745,UN,United,2023-05-11 14:00:17.473315,2023-05-11
P95,202.90,True,08500072,UNITED KATHERINE SOUTH,440 Victoria Hwy,0850,KATHERINE SOUTH,UN,132.2575,-14.485745,UN,United,2023-05-11 14:00:17.473315,2023-05-11
U91,189.50,True,08500072,UNITED KATHERINE SOUTH,440 Victoria Hwy,0850,KATHERINE SOUTH,UN,132.2575,-14.485745,UN,United,2023-05-11 14:00:17.473315,2023-05-11
DL,206.50,True,08730073,UNITED HEAVITREE GAP SUPERMARKET. PIEFACE AND ROADHOUSE,70 Palm Circuit,0873,ALICE SPRINGS,UN,133.867248,-23.728498,UN,United,2023-05-11 14:00:17.473315,2023-05-11
LAF,193.90,True,08730073,UNITED HEAVITREE GAP SUPERMARKET. PIEFACE AND ROADHOUSE,70 Palm Circuit,0873,ALICE SPRINGS,UN,133.867248,-23.728498,UN,United,2023-05-11 14:00:17.473315,2023-05-11
P95,206.90,True,08730073,UNITED HEAVITREE GAP SUPERMARKET. PIEFACE AND ROADHOUSE,70 Palm Circuit,0873,ALICE SPRINGS,UN,133.867248,-23.728498,UN,United,2023-05-11 14:00:17.473315,2023-05-11
DL,219.90,True,08470075,UNITED PINE CREEK HOLIDAY PARK & ROADHOUSE,47 Moule Street,0847,PINE CREEK,UN,131.83516,-13.825006,UN,United,2023-05-11 14:00:17.473315,2023-05-11
LAF,199.90,True,08470075,UNITED PINE CREEK HOLIDAY PARK & ROADHOUSE,47 Moule Street,0847,PINE CREEK,UN,131.83516,-13.825006,UN,United,2023-05-11 14:00:17.473315,2023-05-11
P95,210.90,True,08470075,UNITED PINE CREEK HOLIDAY PARK & ROADHOUSE,47 Moule Street,0847,PINE CREEK,UN,131.83516,-13.825006,UN,United,2023-05-11 14:00:17.473315,2023-05-11
DL,209.70,True,08700076,S24 Alice City,34 Railway Terrace,0870,Alice Springs,PM,133.878272,-23.698712,PM,Puma Energy,2023-05-11 14:00:17.473315,2023-05-11
LAF,201.70,True,08700076,S24 Alice City,34 Railway Terrace,0870,Alice Springs,PM,133.878272,-23.698712,PM,Puma Energy,2023-05-11 14:00:17.473315,2023-05-11
P95,215.70,True,08700076,S24 Alice City,34 Railway Terrace,0870,Alice Springs,PM,133.878272,-23.698712,PM,Puma Energy,2023-05-11 14:00:17.473315,2023-05-11
P98,238.70,True,08700076,S24 Alice City,34 Railway Terrace,0870,Alice Springs,PM,133.878272,-23.698712,PM,Puma Energy,2023-05-11 14:00:17.473315,2023-05-11
DL,208.50,True,08200078,S24 Fannie Bay,88 Ross Smith Avenue,0820,Fannie Bay,PM,130.839007,-12.424795,PM,Puma Energy,2023-05-11 14:00:17.473315,2023-05-11
P95,194.50,True,08200078,S24 Fannie Bay,88 Ross Smith Avenue,0820,Fannie Bay,PM,130.839007,-12.424795,PM,Puma Energy,2023-05-11 14:00:17.473315,2023-05-11
P98,221.50,True,08200078,S24 Fannie Bay,88 Ross Smith Avenue,0820,Fannie Bay,PM,130.839007,-12.424795,PM,Puma Energy,2023-05-11 14:00:17.473315,2023-05-11
U91,181.50,True,08200078,S24 Fannie Bay,88 Ross Smith Avenue,0820,Fannie Bay,PM,130.839007,-12.424795,PM,Puma Energy,2023-05-11 14:00:17.473315,2023-05-11
DL,208.50,True,08350079,S24 Howard Springs,150 Whitewood Road,0835,Howard Springs,PM,131.031436,-12.49654,PM,Puma Energy,2023-05-11 14:00:17.473315,2023-05-11
P95,195.50,True,08350079,S24 Howard Springs,150 Whitewood Road,0835,Howard Springs,PM,131.031436,-12.49654,PM,Puma Energy,2023-05-11 14:00:17.473315,2023-05-11
P98,0.00,True,08350079,S24 Howard Springs,150 Whitewood Road,0835,Howard Springs,PM,131.031436,-12.49654,PM,Puma Energy,2023-05-11 14:00:17.473315,2023-05-11
U91,182.50,True,08350079,S24 Howard Springs,150 Whitewood Road,0835,Howard Springs,PM,131.031436,-12.49654,PM,Puma Energy,2023-05-11 14:00:17.473315,2023-05-11
DL,208.50,True,08120080,S24 Malak,Chambers Place (Crn Holzerland St & Malak Place),0812,Malak,PM,130.90436,-12.396662,PM,Puma Energy,2023-05-11 14:00:17.473315,2023-05-11
P95,194.50,True,08120080,S24 Malak,Chambers Place (Crn Holzerland St & Malak Place),0812,Malak,PM,130.90436,-12.396662,PM,Puma Energy,2023-05-11 14:00:17.473315,2023-05-11
P98,221.50,True,08120080,S24 Malak,Chambers Place (Crn Holzerland St & Malak Place),0812,Malak,PM,130.90436,-12.396662,PM,Puma Energy,2023-05-11 14:00:17.473315,2023-05-11
U91,181.50,True,08120080,S24 Malak,Chambers Place (Crn Holzerland St & Malak Place),0812,Malak,PM,130.90436,-12.396662,PM,Puma Energy,2023-05-11 14:00:17.473315,2023-05-11
DL,208.50,True,08100081,S24 Nightcliff,26 Progress Drive,0810,Nightcliff,PM,130.85206,-12.3877,PM,Puma Energy,2023-05-11 14:00:17.473315,2023-05-11
P95,194.50,True,08100081,S24 Nightcliff,26 Progress Drive,0810,Nightcliff,PM,130.85206,-12.3877,PM,Puma Energy,2023-05-11 14:00:17.473315,2023-05-11
P98,221.50,True,08100081,S24 Nightcliff,26 Progress Drive,0810,Nightcliff,PM,130.85206,-12.3877,PM,Puma Energy,2023-05-11 14:00:17.473315,2023-05-11
U91,181.50,True,08100081,S24 Nightcliff,26 Progress Drive,0810,Nightcliff,PM,130.85206,-12.3877,PM,Puma Energy,2023-05-11 14:00:17.473315,2023-05-11
DL,206.50,True,08320082,UNITED HOLTZE PIEFACE ,905 Stuart Highway,0832,Holtze,UN,130.971118,-12.458593,UN,United,2023-05-11 14:00:17.473315,2023-05-11
P95,194.50,True,08320082,UNITED HOLTZE PIEFACE ,905 Stuart Highway,0832,Holtze,UN,130.971118,-12.458593,UN,United,2023-05-11 14:00:17.473315,2023-05-11
P98,221.50,True,08320082,UNITED HOLTZE PIEFACE ,905 Stuart Highway,0832,Holtze,UN,130.971118,-12.458593,UN,United,2023-05-11 14:00:17.473315,2023-05-11
U91,181.50,True,08320082,UNITED HOLTZE PIEFACE ,905 Stuart Highway,0832,Holtze,UN,130.971118,-12.458593,UN,United,2023-05-11 14:00:17.473315,2023-05-11
DL,152.90,True,08700083,Puma Alice Airport OPT,"Fuel Site 462, Davis Drive",0870,Alice Springs,PM,133.901191,-23.800432,PM,Puma Energy,2023-05-11 14:00:17.473315,2023-05-11
LAF,155.90,True,08700083,Puma Alice Airport OPT,"Fuel Site 462, Davis Drive",0870,Alice Springs,PM,133.901191,-23.800432,PM,Puma Energy,2023-05-11 14:00:17.473315,2023-05-11
DL,208.50,True,08280084,S24 Knuckey Lagoon,687 Stuart Highway,0828,Berrimah,PM,130.924834,-12.433454,PM,Puma Energy,2023-05-11 14:00:17.473315,2023-05-11
LPG,109.90,True,08280084,S24 Knuckey Lagoon,687 Stuart Highway,0828,Berrimah,PM,130.924834,-12.433454,PM,Puma Energy,2023-05-11 14:00:17.473315,2023-05-11
P98,221.50,True,08280084,S24 Knuckey Lagoon,687 Stuart Highway,0828,Berrimah,PM,130.924834,-12.433454,PM,Puma Energy,2023-05-11 14:00:17.473315,2023-05-11
U91,181.50,True,08280084,S24 Knuckey Lagoon,687 Stuart Highway,0828,Berrimah,PM,130.924834,-12.433454,PM,Puma Energy,2023-05-11 14:00:17.473315,2023-05-11
DL,208.50,True,08100085,S24 Casuarina Cityway,274 Trower Road,0810,Casuarina,PM,130.883836,-12.373514,PM,Puma Energy,2023-05-11 14:00:17.473315,2023-05-11
P95,194.50,True,08100085,S24 Casuarina Cityway,274 Trower Road,0810,Casuarina,PM,130.883836,-12.373514,PM,Puma Energy,2023-05-11 14:00:17.473315,2023-05-11
P98,221.50,True,08100085,S24 Casuarina Cityway,274 Trower Road,0810,Casuarina,PM,130.883836,-12.373514,PM,Puma Energy,2023-05-11 14:00:17.473315,2023-05-11
U91,181.50,True,08100085,S24 Casuarina Cityway,274 Trower Road,0810,Casuarina,PM,130.883836,-12.373514,PM,Puma Energy,2023-05-11 14:00:17.473315,2023-05-11
DL,208.50,True,08000086,S24 Darwin City,89-91 Smith Street,0800,Darwin,PM,130.837418,-12.459371,PM,Puma Energy,2023-05-11 14:00:17.473315,2023-05-11
P95,194.50,True,08000086,S24 Darwin City,89-91 Smith Street,0800,Darwin,PM,130.837418,-12.459371,PM,Puma Energy,2023-05-11 14:00:17.473315,2023-05-11
P98,221.50,True,08000086,S24 Darwin City,89-91 Smith Street,0800,Darwin,PM,130.837418,-12.459371,PM,Puma Energy,2023-05-11 14:00:17.473315,2023-05-11
U91,181.50,True,08000086,S24 Darwin City,89-91 Smith Street,0800,Darwin,PM,130.837418,-12.459371,PM,Puma Energy,2023-05-11 14:00:17.473315,2023-05-11
DL,208.50,True,08360087,S24 Humpty Doo,"Lot 2, 600 Arnhem Highway",0836,Humpty Doo,PM,131.127682,-12.578209,PM,Puma Energy,2023-05-11 14:00:17.473315,2023-05-11
P95,194.50,True,08360087,S24 Humpty Doo,"Lot 2, 600 Arnhem Highway",0836,Humpty Doo,PM,131.127682,-12.578209,PM,Puma Energy,2023-05-11 14:00:17.473315,2023-05-11
P98,221.50,True,08360087,S24 Humpty Doo,"Lot 2, 600 Arnhem Highway",0836,Humpty Doo,PM,131.127682,-12.578209,PM,Puma Energy,2023-05-11 14:00:17.473315,2023-05-11
U91,181.50,True,08360087,S24 Humpty Doo,"Lot 2, 600 Arnhem Highway",0836,Humpty Doo,PM,131.127682,-12.578209,PM,Puma Energy,2023-05-11 14:00:17.473315,2023-05-11
DL,208.50,True,08100088,S24 Jingili,231 McMillans Road,0810,Jingili,PM,130.87797,-12.394744,PM,Puma Energy,2023-05-11 14:00:17.473315,2023-05-11
P95,194.50,True,08100088,S24 Jingili,231 McMillans Road,0810,Jingili,PM,130.87797,-12.394744,PM,Puma Energy,2023-05-11 14:00:17.473315,2023-05-11
U91,181.50,True,08100088,S24 Jingili,231 McMillans Road,0810,Jingili,PM,130.87797,-12.394744,PM,Puma Energy,2023-05-11 14:00:17.473315,2023-05-11
DL,208.50,True,08200090,S24 Ludmilla,25 Bagot Road,0820,Ludmilla,PM,130.855965,-12.426896,PM,Puma Energy,2023-05-11 14:00:17.473315,2023-05-11
P95,194.50,True,08200090,S24 Ludmilla,25 Bagot Road,0820,Ludmilla,PM,130.855965,-12.426896,PM,Puma Energy,2023-05-11 14:00:17.473315,2023-05-11
P98,221.50,True,08200090,S24 Ludmilla,25 Bagot Road,0820,Ludmilla,PM,130.855965,-12.426896,PM,Puma Energy,2023-05-11 14:00:17.473315,2023-05-11
U91,181.50,True,08200090,S24 Ludmilla,25 Bagot Road,0820,Ludmilla,PM,130.855965,-12.426896,PM,Puma Energy,2023-05-11 14:00:17.473315,2023-05-11
DL,208.50,True,08300091,S24 Palmerston,Cnr Chung Wah Tce & Temple Tce,0830,Palmerston,PM,130.985802,-12.482142,PM,Puma Energy,2023-05-11 14:00:17.473315,2023-05-11
P95,194.50,True,08300091,S24 Palmerston,Cnr Chung Wah Tce & Temple Tce,0830,Palmerston,PM,130.985802,-12.482142,PM,Puma Energy,2023-05-11 14:00:17.473315,2023-05-11
P98,221.50,True,08300091,S24 Palmerston,Cnr Chung Wah Tce & Temple Tce,0830,Palmerston,PM,130.985802,-12.482142,PM,Puma Energy,2023-05-11 14:00:17.473315,2023-05-11
U91,181.50,True,08300091,S24 Palmerston,Cnr Chung Wah Tce & Temple Tce,0830,Palmerston,PM,130.985802,-12.482142,PM,Puma Energy,2023-05-11 14:00:17.473315,2023-05-11
DL,207.50,True,08280092,BP Eleven Mile,890 Stuart Highway,0828,Pinelands,BP,130.966706,-12.456695,BP,BP,2023-05-11 14:00:17.473315,2023-05-11
P95,195.50,True,08280092,BP Eleven Mile,890 Stuart Highway,0828,Pinelands,BP,130.966706,-12.456695,BP,BP,2023-05-11 14:00:17.473315,2023-05-11
P98,222.50,True,08280092,BP Eleven Mile,890 Stuart Highway,0828,Pinelands,BP,130.966706,-12.456695,BP,BP,2023-05-11 14:00:17.473315,2023-05-11
U91,181.50,True,08280092,BP Eleven Mile,890 Stuart Highway,0828,Pinelands,BP,130.966706,-12.456695,BP,BP,2023-05-11 14:00:17.473315,2023-05-11
DL,208.50,True,08280093,S24 Berrimah,3921 Berrimah Road,0828,Berrimah,PM,130.923847,-12.434533,PM,Puma Energy,2023-05-11 14:00:17.473315,2023-05-11
P95,194.50,True,08280093,S24 Berrimah,3921 Berrimah Road,0828,Berrimah,PM,130.923847,-12.434533,PM,Puma Energy,2023-05-11 14:00:17.473315,2023-05-11
P98,221.50,True,08280093,S24 Berrimah,3921 Berrimah Road,0828,Berrimah,PM,130.923847,-12.434533,PM,Puma Energy,2023-05-11 14:00:17.473315,2023-05-11
U91,181.50,True,08280093,S24 Berrimah,3921 Berrimah Road,0828,Berrimah,PM,130.923847,-12.434533,PM,Puma Energy,2023-05-11 14:00:17.473315,2023-05-11
DL,208.50,True,08280094,S24 Wishart Road,5 Wishart Road,0828,Wishart,PM,130.926545,-12.460552,PM,Puma Energy,2023-05-11 14:00:17.473315,2023-05-11
P95,194.50,True,08280094,S24 Wishart Road,5 Wishart Road,0828,Wishart,PM,130.926545,-12.460552,PM,Puma Energy,2023-05-11 14:00:17.473315,2023-05-11
P98,221.50,True,08280094,S24 Wishart Road,5 Wishart Road,0828,Wishart,PM,130.926545,-12.460552,PM,Puma Energy,2023-05-11 14:00:17.473315,2023-05-11
U91,181.50,True,08280094,S24 Wishart Road,5 Wishart Road,0828,Wishart,PM,130.926545,-12.460552,PM,Puma Energy,2023-05-11 14:00:17.473315,2023-05-11
DL,206.90,True,08350095,Puma Virginia,30 Virginia Road,0835,Virginia,PM,131.029042,-12.517866,PM,Puma Energy,2023-05-11 14:00:17.473315,2023-05-11
P95,197.90,True,08350095,Puma Virginia,30 Virginia Road,0835,Virginia,PM,131.029042,-12.517866,PM,Puma Energy,2023-05-11 14:00:17.473315,2023-05-11
U91,182.90,True,08350095,Puma Virginia,30 Virginia Road,0835,Virginia,PM,131.029042,-12.517866,PM,Puma Energy,2023-05-11 14:00:17.473315,2023-05-11
DL,275.00,True,08720096,Papunya Community Store,Lot 219 Nyananyana Street,0872,Papunya,IV,131.912206,-23.202401,IV,Indervon,2023-05-11 14:00:17.473315,2023-05-11
LAF,270.00,True,08720096,Papunya Community Store,Lot 219 Nyananyana Street,0872,Papunya,IV,131.912206,-23.202401,IV,Indervon,2023-05-11 14:00:17.473315,2023-05-11
DL,270.00,True,08720097,Ntaria Supermarket and Takeaway,27-28 Tjalkabota Road,0872,Hermannsburg,IV,132.779855,-23.942104,IV,Indervon,2023-05-11 14:00:17.473315,2023-05-11
LAF,270.00,True,08720097,Ntaria Supermarket and Takeaway,27-28 Tjalkabota Road,0872,Hermannsburg,IV,132.779855,-23.942104,IV,Indervon,2023-05-11 14:00:17.473315,2023-05-11
DL,208.00,True,08450098,Batchelor General Store,22 Tarkarri Road ,0845,Batchelor,UN,131.027699,-13.046505,UN,United,2023-05-11 14:00:17.473315,2023-05-11
P95,227.00,True,08450098,Batchelor General Store,22 Tarkarri Road ,0845,Batchelor,UN,131.027699,-13.046505,UN,United,2023-05-11 14:00:17.473315,2023-05-11
U91,190.00,True,08450098,Batchelor General Store,22 Tarkarri Road ,0845,Batchelor,UN,131.027699,-13.046505,UN,United,2023-05-11 14:00:17.473315,2023-05-11
DL,283.00,True,08720099,Kings Creek Station,12725 Luritja Road,0872,Via Alice Springs,IN,131.817917,-24.405307,IN,Independent,2023-05-11 14:00:17.473315,2023-05-11
P95,288.00,True,08720099,Kings Creek Station,12725 Luritja Road,0872,Via Alice Springs,IN,131.817917,-24.405307,IN,Independent,2023-05-11 14:00:17.473315,2023-05-11
U91,282.00,True,08720099,Kings Creek Station,12725 Luritja Road,0872,Via Alice Springs,IN,131.817917,-24.405307,IN,Independent,2023-05-11 14:00:17.473315,2023-05-11
DL,275.00,True,08220100,MPA Fuel Station,Lot 526 Maningrida St,0822,Maningrida,PM,134.225488,-12.049776,PM,Puma Energy,2023-05-11 14:00:17.473315,2023-05-11
LAF,250.00,True,08220100,MPA Fuel Station,Lot 526 Maningrida St,0822,Maningrida,PM,134.225488,-12.049776,PM,Puma Energy,2023-05-11 14:00:17.473315,2023-05-11
DL,216.00,True,08540101,King Ash Bay Service Station,1 Batten Road,0854,King Ash Bay,PM,136.478018,-15.933263,PM,Puma Energy,2023-05-11 14:00:17.473315,2023-05-11
P95,228.00,True,08540101,King Ash Bay Service Station,1 Batten Road,0854,King Ash Bay,PM,136.478018,-15.933263,PM,Puma Energy,2023-05-11 14:00:17.473315,2023-05-11
U91,219.00,True,08540101,King Ash Bay Service Station,1 Batten Road,0854,King Ash Bay,PM,136.478018,-15.933263,PM,Puma Energy,2023-05-11 14:00:17.473315,2023-05-11
DL,270.00,True,08720102,WARTE STORE,"LOT 122, 9 Antyiper Street",0872,ALPURURRULAM,PM,137.849121,-20.985741,PM,Puma Energy,2023-05-11 14:00:17.473315,2023-05-11
LAF,270.00,True,08720102,WARTE STORE,"LOT 122, 9 Antyiper Street",0872,ALPURURRULAM,PM,137.849121,-20.985741,PM,Puma Energy,2023-05-11 14:00:17.473315,2023-05-11
DL,259.90,True,08860103,Cooinda Lodge Kakadu Service Station,Lot 341580,0886,COOINDA,PM,132.521309,-12.905407,PM,Puma Energy,2023-05-11 14:00:17.473315,2023-05-11
LAF,229.90,True,08860103,Cooinda Lodge Kakadu Service Station,Lot 341580,0886,COOINDA,PM,132.521309,-12.905407,PM,Puma Energy,2023-05-11 14:00:17.473315,2023-05-11
P95,242.90,True,08860103,Cooinda Lodge Kakadu Service Station,Lot 341580,0886,COOINDA,PM,132.521309,-12.905407,PM,Puma Energy,2023-05-11 14:00:17.473315,2023-05-11
DL,290.00,True,08720104,Docker River Store,Lot 120 Lasseter Road,0872,Kaltukatjara,CA,129.083471,-24.873506,CA,Caltex,2023-05-11 14:00:17.473315,2023-05-11
LAF,280.00,True,08720104,Docker River Store,Lot 120 Lasseter Road,0872,Kaltukatjara,CA,129.083471,-24.873506,CA,Caltex,2023-05-11 14:00:17.473315,2023-05-11
DL,270.00,True,08720105,AHERRENGE Community Store,1 Morten Street (Lot 23) ,0872,AMPILATWATJA,IN,135.224331,-21.654465,IN,Independent,2023-05-11 14:00:17.473315,2023-05-11
LAF,250.00,True,08720105,AHERRENGE Community Store,1 Morten Street (Lot 23) ,0872,AMPILATWATJA,IN,135.224331,-21.654465,IN,Independent,2023-05-11 14:00:17.473315,2023-05-11
DL,306.00,True,08520106,Numbulwar Workshop,Lot 53 Numbulwar,0852,Numbalwar,PM,135.725471,-14.283876,PM,Puma Energy,2023-05-11 14:00:17.473315,2023-05-11
LAF,250.00,True,08520106,Numbulwar Workshop,Lot 53 Numbulwar,0852,Numbalwar,PM,135.725471,-14.283876,PM,Puma Energy,2023-05-11 14:00:17.473315,2023-05-11
DL,295.00,True,08220107,ELCHO FUEL,561 Galawarra Road,0822,GALIWINKU,PM,135.568356,-12.030372,PM,Puma Energy,2023-05-11 14:00:17.473315,2023-05-11
LAF,300.00,True,08220107,ELCHO FUEL,561 Galawarra Road,0822,GALIWINKU,PM,135.568356,-12.030372,PM,Puma Energy,2023-05-11 14:00:17.473315,2023-05-11
DL,275.00,True,08520108,Mainoru Store,Central Arnhem Road,0852,Flying Fox,IN,133.963894,-13.952403,IN,Independent,2023-05-11 14:00:17.473315,2023-05-11
P95,265.00,True,08520108,Mainoru Store,Central Arnhem Road,0852,Flying Fox,IN,133.963894,-13.952403,IN,Independent,2023-05-11 14:00:17.473315,2023-05-11
DL,278.50,True,08720109,SHELL AYERS ROCK RESORT SERVICE STATION,7:00am - 8:00pm 7 days. 257 YULARA DRIVE,0872,YULARA,SH,130.990076,-25.240005,SH,Shell,2023-05-11 14:00:17.473315,2023-05-11
LAF,266.90,True,08720109,SHELL AYERS ROCK RESORT SERVICE STATION,7:00am - 8:00pm 7 days. 257 YULARA DRIVE,0872,YULARA,SH,130.990076,-25.240005,SH,Shell,2023-05-11 14:00:17.473315,2023-05-11
LPG,169.90,True,08720109,SHELL AYERS ROCK RESORT SERVICE STATION,7:00am - 8:00pm 7 days. 257 YULARA DRIVE,0872,YULARA,SH,130.990076,-25.240005,SH,Shell,2023-05-11 14:00:17.473315,2023-05-11
P98,282.90,True,08720109,SHELL AYERS ROCK RESORT SERVICE STATION,7:00am - 8:00pm 7 days. 257 YULARA DRIVE,0872,YULARA,SH,130.990076,-25.240005,SH,Shell,2023-05-11 14:00:17.473315,2023-05-11
DL,207.90,True,08500110,BP Katherine,6 Katherine Terrace,0850,Katherine,BP,132.264715,-14.466846,BP,BP,2023-05-11 14:00:17.473315,2023-05-11
LAF,190.90,True,08500110,BP Katherine,6 Katherine Terrace,0850,Katherine,BP,132.264715,-14.466846,BP,BP,2023-05-11 14:00:17.473315,2023-05-11
P95,204.90,True,08500110,BP Katherine,6 Katherine Terrace,0850,Katherine,BP,132.264715,-14.466846,BP,BP,2023-05-11 14:00:17.473315,2023-05-11
DL,232.00,True,08620111,Barkly Homestead,2 Barkly Hwy (Cnr Barkly and Tablelands Highways),0862,Tablelands,IN,135.827585,-19.710849,IN,Independent,2023-05-11 14:00:17.473315,2023-05-11
P95,239.00,True,08620111,Barkly Homestead,2 Barkly Hwy (Cnr Barkly and Tablelands Highways),0862,Tablelands,IN,135.827585,-19.710849,IN,Independent,2023-05-11 14:00:17.473315,2023-05-11
U91,231.00,True,08620111,Barkly Homestead,2 Barkly Hwy (Cnr Barkly and Tablelands Highways),0862,Tablelands,IN,135.827585,-19.710849,IN,Independent,2023-05-11 14:00:17.473315,2023-05-11
DL,300.00,True,08720112,Laramba Community Store,Lot 45 Store Street,0872,Laramba,CA,132.754003,-22.534303,CA,Caltex,2023-05-11 14:00:17.473315,2023-05-11
LAF,300.00,True,08720112,Laramba Community Store,Lot 45 Store Street,0872,Laramba,CA,132.754003,-22.534303,CA,Caltex,2023-05-11 14:00:17.473315,2023-05-11
U91,0.00,True,08720112,Laramba Community Store,Lot 45 Store Street,0872,Laramba,CA,132.754003,-22.534303,CA,Caltex,2023-05-11 14:00:17.473315,2023-05-11
P95,220.00,True,08520113,Victoria River Roadhouse,19405 Victoria Highway,0851,South Gregory,IN,131.127829,-15.616434,IN,Independent,2023-05-11 14:00:17.473315,2023-05-11
U91,205.00,True,08520113,Victoria River Roadhouse,19405 Victoria Highway,0851,South Gregory,IN,131.127829,-15.616434,IN,Independent,2023-05-11 14:00:17.473315,2023-05-11
DL,220.00,True,08860114,Puma Jabiru,1 Lakeside Drive,0886,Jabiru,PM,132.834532,-12.670233,PM,Puma Energy,2023-05-11 14:00:17.473315,2023-05-11
LAF,210.00,True,08860114,Puma Jabiru,1 Lakeside Drive,0886,Jabiru,PM,132.834532,-12.670233,PM,Puma Energy,2023-05-11 14:00:17.473315,2023-05-11
P95,220.00,True,08860114,Puma Jabiru,1 Lakeside Drive,0886,Jabiru,PM,132.834532,-12.670233,PM,Puma Energy,2023-05-11 14:00:17.473315,2023-05-11
P98,260.00,True,08860114,Puma Jabiru,1 Lakeside Drive,0886,Jabiru,PM,132.834532,-12.670233,PM,Puma Energy,2023-05-11 14:00:17.473315,2023-05-11
DL,329.90,True,08720115,Curtin Springs Wayside Inn,16042 Lasseter Hwy,0872,Petermann,IN,131.756548,-25.314986,IN,Independent,2023-05-11 14:00:17.473315,2023-05-11
LAF,279.90,True,08720115,Curtin Springs Wayside Inn,16042 Lasseter Hwy,0872,Petermann,IN,131.756548,-25.314986,IN,Independent,2023-05-11 14:00:17.473315,2023-05-11
U91,279.90,True,08720115,Curtin Springs Wayside Inn,16042 Lasseter Hwy,0872,Petermann,IN,131.756548,-25.314986,IN,Independent,2023-05-11 14:00:17.473315,2023-05-11
DL,215.00,True,08220116,Belyuen Store,"Lot 297, Cox Peninsula Road, Belyuen Community ",0822,Belyuen,PM,130.698544,-12.53659,PM,Puma Energy,2023-05-11 14:00:17.473315,2023-05-11
U91,199.00,True,08220116,Belyuen Store,"Lot 297, Cox Peninsula Road, Belyuen Community ",0822,Belyuen,PM,130.698544,-12.53659,PM,Puma Energy,2023-05-11 14:00:17.473315,2023-05-11
P95,235.00,True,08620117,BP Renner Springs Desert Inn,9047 Stuart Highway - 24 Hours,0862,Renner Springs,BP,133.795469,-18.318526,BP,BP,2023-05-11 14:00:17.473315,2023-05-11
U91,225.00,True,08620117,BP Renner Springs Desert Inn,9047 Stuart Highway - 24 Hours,0862,Renner Springs,BP,133.795469,-18.318526,BP,BP,2023-05-11 14:00:17.473315,2023-05-11
DL,229.00,True,08520118,BP Mataranka Roadhouse,Lot 118 Roper Terrace,0852,Mataranka,BP,133.066228,-14.92301,BP,BP,2023-05-11 14:00:17.473315,2023-05-11
P95,219.90,True,08520118,BP Mataranka Roadhouse,Lot 118 Roper Terrace,0852,Mataranka,BP,133.066228,-14.92301,BP,BP,2023-05-11 14:00:17.473315,2023-05-11
DL,243.00,True,08710119,Epenarra Store,Epenarra/Murray Downs Road,0871,Davenport,PM,135.262611,-20.443972,PM,Puma Energy,2023-05-11 14:00:17.473315,2023-05-11
LAF,243.00,True,08710119,Epenarra Store,Epenarra/Murray Downs Road,0871,Davenport,PM,135.262611,-20.443972,PM,Puma Energy,2023-05-11 14:00:17.473315,2023-05-11
DL,320.00,True,08520120,Yarralin Community Store,Lot 33,0852,Yarralin Community,IN,130.883164,-16.446908,IN,Independent,2023-05-11 14:00:17.473315,2023-05-11
LAF,284.00,True,08520120,Yarralin Community Store,Lot 33,0852,Yarralin Community,IN,130.883164,-16.446908,IN,Independent,2023-05-11 14:00:17.473315,2023-05-11
DL,245.00,True,08720121,Murray Downs Store,"Murray Downs Station, Murray Downs Road",0872,Ali Curung,PM,134.675961,-21.04261,PM,Puma Energy,2023-05-11 14:00:17.473315,2023-05-11
LAF,245.00,True,08720121,Murray Downs Store,"Murray Downs Station, Murray Downs Road",0872,Ali Curung,PM,134.675961,-21.04261,PM,Puma Energy,2023-05-11 14:00:17.473315,2023-05-11
DL,217.00,True,08520122,Mataranka Store and Service Station,67 Roper Terrace,0852,Mataranka,PM,133.068837,-14.925331,PM,Puma Energy,2023-05-11 14:00:17.473315,2023-05-11
LAF,205.80,True,08520122,Mataranka Store and Service Station,67 Roper Terrace,0852,Mataranka,PM,133.068837,-14.925331,PM,Puma Energy,2023-05-11 14:00:17.473315,2023-05-11
P95,218.90,True,08520122,Mataranka Store and Service Station,67 Roper Terrace,0852,Mataranka,PM,133.068837,-14.925331,PM,Puma Energy,2023-05-11 14:00:17.473315,2023-05-11
DL,229.90,True,08470123,Lazy Lizard Caravan Park,299 Millar Terrace,0847,Pine Creek,IN,131.834886,-13.821815,IN,Independent,2023-05-11 14:00:17.473315,2023-05-11
LAF,209.90,True,08470123,Lazy Lizard Caravan Park,299 Millar Terrace,0847,Pine Creek,IN,131.834886,-13.821815,IN,Independent,2023-05-11 14:00:17.473315,2023-05-11
P95,227.90,True,08470123,Lazy Lizard Caravan Park,299 Millar Terrace,0847,Pine Creek,IN,131.834886,-13.821815,IN,Independent,2023-05-11 14:00:17.473315,2023-05-11
U91,0.00,True,08470123,Lazy Lizard Caravan Park,299 Millar Terrace,0847,Pine Creek,IN,131.834886,-13.821815,IN,Independent,2023-05-11 14:00:17.473315,2023-05-11
DL,207.00,True,08560124,Army & Airforce Canteen Service Tindal,"Bldg 260-261 Newham Circuit, RAAF Base Tindal",0856,TINDAL,BP,132.396529,-14.499858,BP,BP,2023-05-11 14:00:17.473315,2023-05-11
LAF,191.00,True,08560124,Army & Airforce Canteen Service Tindal,"Bldg 260-261 Newham Circuit, RAAF Base Tindal",0856,TINDAL,BP,132.396529,-14.499858,BP,BP,2023-05-11 14:00:17.473315,2023-05-11
P95,204.00,True,08560124,Army & Airforce Canteen Service Tindal,"Bldg 260-261 Newham Circuit, RAAF Base Tindal",0856,TINDAL,BP,132.396529,-14.499858,BP,BP,2023-05-11 14:00:17.473315,2023-05-11
DL,209.00,True,08500125,Boab Caravan Park ,42 Victoria Highway,0850,Katherine South,PM,132.257286,-14.476213,PM,Puma Energy,2023-05-11 14:00:17.473315,2023-05-11
LAF,192.00,True,08500125,Boab Caravan Park ,42 Victoria Highway,0850,Katherine South,PM,132.257286,-14.476213,PM,Puma Energy,2023-05-11 14:00:17.473315,2023-05-11
DL,250.00,True,08220126,Thamarrurr Development Corporation Mechanical Workshop,Lot 485 Perdjert Street,0822,WADEYE,PM,129.520224,-14.237557,PM,Puma Energy,2023-05-11 14:00:17.473315,2023-05-11
LAF,245.00,True,08220126,Thamarrurr Development Corporation Mechanical Workshop,Lot 485 Perdjert Street,0822,WADEYE,PM,129.520224,-14.237557,PM,Puma Energy,2023-05-11 14:00:17.473315,2023-05-11
DL,215.90,True,08220127,Corroboree Park Tavern,Lot 3095 Arnhem Highway,0822,Marrakai,PM,131.50097,-12.761847,PM,Puma Energy,2023-05-11 14:00:17.473315,2023-05-11
P95,200.90,True,08220127,Corroboree Park Tavern,Lot 3095 Arnhem Highway,0822,Marrakai,PM,131.50097,-12.761847,PM,Puma Energy,2023-05-11 14:00:17.473315,2023-05-11
U91,195.90,True,08220127,Corroboree Park Tavern,Lot 3095 Arnhem Highway,0822,Marrakai,PM,131.50097,-12.761847,PM,Puma Energy,2023-05-11 14:00:17.473315,2023-05-11
DL,232.40,True,08800128,BP Service Station Nhulunbuy,Cnr Matthew Flinders Way and Westal Street,0880,Nhulunbuy,BP,136.78794,-12.185616,BP,BP,2023-05-11 14:00:17.473315,2023-05-11
LAF,253.50,True,08800128,BP Service Station Nhulunbuy,Cnr Matthew Flinders Way and Westal Street,0880,Nhulunbuy,BP,136.78794,-12.185616,BP,BP,2023-05-11 14:00:17.473315,2023-05-11
P95,268.40,True,08800128,BP Service Station Nhulunbuy,Cnr Matthew Flinders Way and Westal Street,0880,Nhulunbuy,BP,136.78794,-12.185616,BP,BP,2023-05-11 14:00:17.473315,2023-05-11
DL,245.00,True,08720129,Devils Marbles Hotel,11275 Stuart Highway,0872,Davenport,BP,134.222481,-20.640889,BP,BP,2023-05-11 14:00:17.473315,2023-05-11
LAF,225.00,True,08720129,Devils Marbles Hotel,11275 Stuart Highway,0872,Davenport,BP,134.222481,-20.640889,BP,BP,2023-05-11 14:00:17.473315,2023-05-11
DL,275.00,True,08720130,Tilmouth Well Roadhouse,16640 Tanami Road,0872,Anmatjere,CA,132.598933,-22.809705,CA,Caltex,2023-05-11 14:00:17.473315,2023-05-11
P95,275.00,True,08720130,Tilmouth Well Roadhouse,16640 Tanami Road,0872,Anmatjere,CA,132.598933,-22.809705,CA,Caltex,2023-05-11 14:00:17.473315,2023-05-11
DL,264.90,True,08720131,Kulgera Roadhouse Hotel,1 South Stuart Highway,0872,Kulgera,IN,133.300233,-25.839525,IN,Independent,2023-05-11 14:00:17.473315,2023-05-11
LAF,269.90,True,08720131,Kulgera Roadhouse Hotel,1 South Stuart Highway,0872,Kulgera,IN,133.300233,-25.839525,IN,Independent,2023-05-11 14:00:17.473315,2023-05-11
LPG,192.90,True,08720131,Kulgera Roadhouse Hotel,1 South Stuart Highway,0872,Kulgera,IN,133.300233,-25.839525,IN,Independent,2023-05-11 14:00:17.473315,2023-05-11
P95,289.90,True,08720131,Kulgera Roadhouse Hotel,1 South Stuart Highway,0872,Kulgera,IN,133.300233,-25.839525,IN,Independent,2023-05-11 14:00:17.473315,2023-05-11
DL,170.80,True,08850132,Alyangula Township Service Station,24 Hour. Rowell Highway,0885,Alyangula,IN,136.421326,-13.858038,IN,Independent,2023-05-11 14:00:17.473315,2023-05-11
LAF,165.30,True,08850132,Alyangula Township Service Station,24 Hour. Rowell Highway,0885,Alyangula,IN,136.421326,-13.858038,IN,Independent,2023-05-11 14:00:17.473315,2023-05-11
DL,301.00,True,08800133,East Arnhem Regional Council Fuel Distribution Service Station,Lot 101 Gapuwiyak Road,0880,Gapuwiyak,PM,135.803116,-12.502206,PM,Puma Energy,2023-05-11 14:00:17.473315,2023-05-11
LAF,370.00,True,08800133,East Arnhem Regional Council Fuel Distribution Service Station,Lot 101 Gapuwiyak Road,0880,Gapuwiyak,PM,135.803116,-12.502206,PM,Puma Energy,2023-05-11 14:00:17.473315,2023-05-11
DL,288.00,True,08220134,Peppimenarti Community Store,"Lot 15, Peppi Main Road",0822,Peppimenarti,IN,130.081742,-14.156288,IN,Independent,2023-05-11 14:00:17.473315,2023-05-11
LAF,240.00,True,08220134,Peppimenarti Community Store,"Lot 15, Peppi Main Road",0822,Peppimenarti,IN,130.081742,-14.156288,IN,Independent,2023-05-11 14:00:17.473315,2023-05-11
DL,239.00,True,08610135,Threeways,Cnr Stuart HIghway and Barkly Highway,0861,Tennant Creek,SH,134.208254,-19.436597,SH,Shell,2023-05-11 14:00:17.473315,2023-05-11
LAF,234.00,True,08610135,Threeways,Cnr Stuart HIghway and Barkly Highway,0861,Tennant Creek,SH,134.208254,-19.436597,SH,Shell,2023-05-11 14:00:17.473315,2023-05-11
LPG,169.00,True,08610135,Threeways,Cnr Stuart HIghway and Barkly Highway,0861,Tennant Creek,SH,134.208254,-19.436597,SH,Shell,2023-05-11 14:00:17.473315,2023-05-11
P95,244.00,True,08610135,Threeways,Cnr Stuart HIghway and Barkly Highway,0861,Tennant Creek,SH,134.208254,-19.436597,SH,Shell,2023-05-11 14:00:17.473315,2023-05-11
DL,310.00,True,08720136,Atitjere Homelands Store,"Mon to Fri 9am-1pm & 2pm-5pm, Sat 9am-12pm. 123/Lot 16 Mica Road",0872,Harts Range,IV,134.935567,-22.984263,IV,Indervon,2023-05-11 14:00:17.473315,2023-05-11
LAF,280.00,True,08720136,Atitjere Homelands Store,"Mon to Fri 9am-1pm & 2pm-5pm, Sat 9am-12pm. 123/Lot 16 Mica Road",0872,Harts Range,IV,134.935567,-22.984263,IV,Indervon,2023-05-11 14:00:17.473315,2023-05-11
DL,210.90,True,08400137,The Lodge of Dundee,20 Dundee Place,0840,Dundee Beach,PM,130.349783,-12.717801,PM,Puma Energy,2023-05-11 14:00:17.473315,2023-05-11
U91,203.90,True,08400137,The Lodge of Dundee,20 Dundee Place,0840,Dundee Beach,PM,130.349783,-12.717801,PM,Puma Energy,2023-05-11 14:00:17.473315,2023-05-11
DL,218.00,True,08540138,Gulf Mini Mart,153 Robinson Road,0854,Borroloola,BP,136.307645,-16.073598,BP,BP,2023-05-11 14:00:17.473315,2023-05-11
U91,215.00,True,08540138,Gulf Mini Mart,153 Robinson Road,0854,Borroloola,BP,136.307645,-16.073598,BP,BP,2023-05-11 14:00:17.473315,2023-05-11
DL,215.00,True,08030139,Wagait Beach Supermarket Fuel,89 Wagait Tower Road,0822,Wagait Beach,PM,130.747752,-12.44015,PM,Puma Energy,2023-05-11 14:00:17.473315,2023-05-11
P95,210.00,True,08030139,Wagait Beach Supermarket Fuel,89 Wagait Tower Road,0822,Wagait Beach,PM,130.747752,-12.44015,PM,Puma Energy,2023-05-11 14:00:17.473315,2023-05-11
U91,195.00,True,08030139,Wagait Beach Supermarket Fuel,89 Wagait Tower Road,0822,Wagait Beach,PM,130.747752,-12.44015,PM,Puma Energy,2023-05-11 14:00:17.473315,2023-05-11
DL,220.90,True,08520140,Daly Waters Hi-Way Inn,Cnr Stuart Highway and Carpentaria Highway,0852,Daly Waters,PM,133.385469,-16.307701,PM,Puma Energy,2023-05-11 14:00:17.473315,2023-05-11
LAF,210.90,True,08520140,Daly Waters Hi-Way Inn,Cnr Stuart Highway and Carpentaria Highway,0852,Daly Waters,PM,133.385469,-16.307701,PM,Puma Energy,2023-05-11 14:00:17.473315,2023-05-11
P95,220.90,True,08520140,Daly Waters Hi-Way Inn,Cnr Stuart Highway and Carpentaria Highway,0852,Daly Waters,PM,133.385469,-16.307701,PM,Puma Energy,2023-05-11 14:00:17.473315,2023-05-11
DL,260.00,True,08720141,Gemtree Caravan Park ,6990 Plenty Highway,0872,Via Alice Springs,PM,134.241255,-22.96829,PM,Puma Energy,2023-05-11 14:00:17.473315,2023-05-11
U91,255.00,True,08720141,Gemtree Caravan Park ,6990 Plenty Highway,0872,Via Alice Springs,PM,134.241255,-22.96829,PM,Puma Energy,2023-05-11 14:00:17.473315,2023-05-11
DL,285.00,True,08720142,Wallace Rockhole,Lot 70 Roesch Street,0872,Wallace Rockhole,IV,133.087302,-24.125148,IV,Indervon,2023-05-11 14:00:17.473315,2023-05-11
LAF,0.00,True,08720142,Wallace Rockhole,Lot 70 Roesch Street,0872,Wallace Rockhole,IV,133.087302,-24.125148,IV,Indervon,2023-05-11 14:00:17.473315,2023-05-11
P95,275.00,True,08720142,Wallace Rockhole,Lot 70 Roesch Street,0872,Wallace Rockhole,IV,133.087302,-24.125148,IV,Indervon,2023-05-11 14:00:17.473315,2023-05-11
DL,290.00,True,08220143,Tiwi Islands Regional Council - Milikapiti,Lot 188 Milikapiti,0822,Milikapiti - Snake Bay,PM,130.676005,-11.424561,PM,Puma Energy,2023-05-11 14:00:17.473315,2023-05-11
U91,290.00,True,08220143,Tiwi Islands Regional Council - Milikapiti,Lot 188 Milikapiti,0822,Milikapiti - Snake Bay,PM,130.676005,-11.424561,PM,Puma Energy,2023-05-11 14:00:17.473315,2023-05-11
DL,265.00,True,08720144,Alpirakina Store (Yuelamu Store),Lot 21 Arrunge Crescent,0872,Yuelamu,IV,132.205158,-22.259432,IV,Indervon,2023-05-11 14:00:17.473315,2023-05-11
LAF,260.00,True,08720144,Alpirakina Store (Yuelamu Store),Lot 21 Arrunge Crescent,0872,Yuelamu,IV,132.205158,-22.259432,IV,Indervon,2023-05-11 14:00:17.473315,2023-05-11
DL,275.00,True,08220145,Barlmarrk Service Station,Lot 628 Maningrida,0822,Maningrida,PM,134.22924,-12.055045,PM,Puma Energy,2023-05-11 14:00:17.473315,2023-05-11
LAF,250.00,True,08220145,Barlmarrk Service Station,Lot 628 Maningrida,0822,Maningrida,PM,134.22924,-12.055045,PM,Puma Energy,2023-05-11 14:00:17.473315,2023-05-11
DL,265.00,True,08540146,Heartbreak Hotel ,27101 Carpentaria Highway,0854,Borroloola,BP,135.726721,-16.683417,BP,BP,2023-05-11 14:00:17.473315,2023-05-11
U91,220.00,True,08540146,Heartbreak Hotel ,27101 Carpentaria Highway,0854,Borroloola,BP,135.726721,-16.683417,BP,BP,2023-05-11 14:00:17.473315,2023-05-11
DL,265.00,True,08720147,Erldunda Desert Oaks,19668 Stuart Highway,0872,Ghan,SH,133.201056,-25.197583,SH,Shell,2023-05-11 14:00:17.473315,2023-05-11
LAF,268.00,True,08720147,Erldunda Desert Oaks,19668 Stuart Highway,0872,Ghan,SH,133.201056,-25.197583,SH,Shell,2023-05-11 14:00:17.473315,2023-05-11
P98,288.00,True,08720147,Erldunda Desert Oaks,19668 Stuart Highway,0872,Ghan,SH,133.201056,-25.197583,SH,Shell,2023-05-11 14:00:17.473315,2023-05-11
DL,222.00,True,08520148,Timber Creek Hotel,(Lot 94) 78 Victoria Highway,0852,TIMBER CREEK,PM,130.480501,-15.661786,PM,Puma Energy,2023-05-11 14:00:17.473315,2023-05-11
P95,220.00,True,08520148,Timber Creek Hotel,(Lot 94) 78 Victoria Highway,0852,TIMBER CREEK,PM,130.480501,-15.661786,PM,Puma Energy,2023-05-11 14:00:17.473315,2023-05-11
U91,215.00,True,08520148,Timber Creek Hotel,(Lot 94) 78 Victoria Highway,0852,TIMBER CREEK,PM,130.480501,-15.661786,PM,Puma Energy,2023-05-11 14:00:17.473315,2023-05-11
DL,280.00,True,08720149,Aputula Store,Mon to Fri 9am-12pm & 2pm-4pm. Sat 9am-12pm.  20 Lapadum Street ,0872,Aputula,IN,134.576613,-25.582525,IN,Independent,2023-05-11 14:00:17.473315,2023-05-11
LAF,280.00,True,08720149,Aputula Store,Mon to Fri 9am-12pm & 2pm-4pm. Sat 9am-12pm.  20 Lapadum Street ,0872,Aputula,IN,134.576613,-25.582525,IN,Independent,2023-05-11 14:00:17.473315,2023-05-11
DL,285.00,True,08720150,Areyonga Store ,"Mon to Fri 9am-12pm & 2:30pm-4:30pm.  Lot 2 Lydia Dora Drive, Areyonga Community",0872,Areyonga,IV,132.26893,-24.07402,IV,Indervon,2023-05-11 14:00:17.473315,2023-05-11
LAF,275.00,True,08720150,Areyonga Store ,"Mon to Fri 9am-12pm & 2:30pm-4:30pm.  Lot 2 Lydia Dora Drive, Areyonga Community",0872,Areyonga,IV,132.26893,-24.07402,IV,Indervon,2023-05-11 14:00:17.473315,2023-05-11
DL,150.10,True,08470151,Goymarr Tourist Park,5816 Kakadu Highway,0847,Burrundie,IN,132.219978,-13.605614,IN,Independent,2023-05-11 14:00:17.473315,2023-05-11
DL,260.00,True,08220152,GUNBALANYA SERVICE STATION ,Main Street,0822,OENPELLI,IN,133.055317,-12.326299,IN,Independent,2023-05-11 14:00:17.473315,2023-05-11
LAF,249.00,True,08220152,GUNBALANYA SERVICE STATION ,Main Street,0822,OENPELLI,IN,133.055317,-12.326299,IN,Independent,2023-05-11 14:00:17.473315,2023-05-11
DL,0.00,True,08700153,Ampol Larapinta,Lot 8773/26 Larapinta Drive,0870,Alice Springs,AM,133.85313,-23.70412,AM,AMPOL,2023-05-11 14:00:17.473315,2023-05-11
LAF,203.90,True,08700153,Ampol Larapinta,Lot 8773/26 Larapinta Drive,0870,Alice Springs,AM,133.85313,-23.70412,AM,AMPOL,2023-05-11 14:00:17.473315,2023-05-11
P95,217.90,True,08700153,Ampol Larapinta,Lot 8773/26 Larapinta Drive,0870,Alice Springs,AM,133.85313,-23.70412,AM,AMPOL,2023-05-11 14:00:17.473315,2023-05-11
PD,211.90,True,08700153,Ampol Larapinta,Lot 8773/26 Larapinta Drive,0870,Alice Springs,AM,133.85313,-23.70412,AM,AMPOL,2023-05-11 14:00:17.473315,2023-05-11
U91,190.90,True,08700153,Ampol Larapinta,Lot 8773/26 Larapinta Drive,0870,Alice Springs,AM,133.85313,-23.70412,AM,AMPOL,2023-05-11 14:00:17.473315,2023-05-11
DL,235.00,True,08720154,Stuarts Well Roadhouse,8824/8844 Stuart Highway,0872,HUGH,AM,133.458759,-24.340135,AM,AMPOL,2023-05-11 14:00:17.473315,2023-05-11
LAF,240.00,True,08720154,Stuarts Well Roadhouse,8824/8844 Stuart Highway,0872,HUGH,AM,133.458759,-24.340135,AM,AMPOL,2023-05-11 14:00:17.473315,2023-05-11
P95,250.00,True,08720154,Stuarts Well Roadhouse,8824/8844 Stuart Highway,0872,HUGH,AM,133.458759,-24.340135,AM,AMPOL,2023-05-11 14:00:17.473315,2023-05-11
DL,280.00,True,08720155,JERVOIS STATION,13381 Plenty Highway via,0872,ALICE SPRINGS,CA,136.142942,-22.951033,CA,Caltex,2023-05-11 14:00:17.473315,2023-05-11
P95,0.00,True,08720155,JERVOIS STATION,13381 Plenty Highway via,0872,ALICE SPRINGS,CA,136.142942,-22.951033,CA,Caltex,2023-05-11 14:00:17.473315,2023-05-11
U91,260.00,True,08720155,JERVOIS STATION,13381 Plenty Highway via,0872,ALICE SPRINGS,CA,136.142942,-22.951033,CA,Caltex,2023-05-11 14:00:17.473315,2023-05-11
DL,280.00,True,08520156,TOP SPRINGS HOTEL,147 Buchanan Highway (Crn Buntine & Buchanan Highway,0852,TOP SPRINGS,IN,131.796902,-16.543589,IN,Independent,2023-05-11 14:00:17.473315,2023-05-11
LAF,265.00,True,08520156,TOP SPRINGS HOTEL,147 Buchanan Highway (Crn Buntine & Buchanan Highway,0852,TOP SPRINGS,IN,131.796902,-16.543589,IN,Independent,2023-05-11 14:00:17.473315,2023-05-11
DL,212.90,True,08700158,BP Alice Springs Truckstop,44a (North) Stuart Hwy,0870,ALICE SPRINGS,BP,133.878276,-23.693574,BP,BP,2023-05-11 14:00:17.473315,2023-05-11
LAF,201.90,True,08700158,BP Alice Springs Truckstop,44a (North) Stuart Hwy,0870,ALICE SPRINGS,BP,133.878276,-23.693574,BP,BP,2023-05-11 14:00:17.473315,2023-05-11
LPG,169.90,True,08700158,BP Alice Springs Truckstop,44a (North) Stuart Hwy,0870,ALICE SPRINGS,BP,133.878276,-23.693574,BP,BP,2023-05-11 14:00:17.473315,2023-05-11
P95,218.90,True,08700158,BP Alice Springs Truckstop,44a (North) Stuart Hwy,0870,ALICE SPRINGS,BP,133.878276,-23.693574,BP,BP,2023-05-11 14:00:17.473315,2023-05-11
P98,234.90,True,08700158,BP Alice Springs Truckstop,44a (North) Stuart Hwy,0870,ALICE SPRINGS,BP,133.878276,-23.693574,BP,BP,2023-05-11 14:00:17.473315,2023-05-11
DL,212.90,True,08700159,BP Alice Springs Gap Rd (Recharge Petroleum),73 Gap Road ,0870,ALICE SPRINGS,BP,133.872582,-23.716921,BP,BP,2023-05-11 14:00:17.473315,2023-05-11
LAF,203.90,True,08700159,BP Alice Springs Gap Rd (Recharge Petroleum),73 Gap Road ,0870,ALICE SPRINGS,BP,133.872582,-23.716921,BP,BP,2023-05-11 14:00:17.473315,2023-05-11
P95,220.90,True,08700159,BP Alice Springs Gap Rd (Recharge Petroleum),73 Gap Road ,0870,ALICE SPRINGS,BP,133.872582,-23.716921,BP,BP,2023-05-11 14:00:17.473315,2023-05-11
P98,234.90,True,08700159,BP Alice Springs Gap Rd (Recharge Petroleum),73 Gap Road ,0870,ALICE SPRINGS,BP,133.872582,-23.716921,BP,BP,2023-05-11 14:00:17.473315,2023-05-11
DL,212.90,True,08700160,BP Sadadeen,70 Spearwood Road,0870,ALICE SPRINGS,BP,133.899943,-23.700637,BP,BP,2023-05-11 14:00:17.473315,2023-05-11
LAF,201.90,True,08700160,BP Sadadeen,70 Spearwood Road,0870,ALICE SPRINGS,BP,133.899943,-23.700637,BP,BP,2023-05-11 14:00:17.473315,2023-05-11
P95,218.90,True,08700160,BP Sadadeen,70 Spearwood Road,0870,ALICE SPRINGS,BP,133.899943,-23.700637,BP,BP,2023-05-11 14:00:17.473315,2023-05-11
DL,300.00,True,08220161,Nguiu Ullintjinni Association 24 Hrs Fuel,Lot 406 Puautjimi Street,0822,Wurrumiyanga/Bathurst Island,PM,130.634886,-11.757567,PM,Puma Energy,2023-05-11 14:00:17.473315,2023-05-11
LAF,320.00,True,08220161,Nguiu Ullintjinni Association 24 Hrs Fuel,Lot 406 Puautjimi Street,0822,Wurrumiyanga/Bathurst Island,PM,130.634886,-11.757567,PM,Puma Energy,2023-05-11 14:00:17.473315,2023-05-11
DL,245.00,True,08720162,Red Centre Farm,278 Woodforde Rd (Stuart Highway),0872,TI TREE,IN,133.420507,-22.24557,IN,Independent,2023-05-11 14:00:17.473315,2023-05-11
P95,245.00,True,08720162,Red Centre Farm,278 Woodforde Rd (Stuart Highway),0872,TI TREE,IN,133.420507,-22.24557,IN,Independent,2023-05-11 14:00:17.473315,2023-05-11
DL,280.00,True,08720163,Aileron Roadhouse,"4am-9pm 7 days. Aileron Access Road, off Stuart Highway",0872,Aileron,IN,133.345577,-22.644498,IN,Independent,2023-05-11 14:00:17.473315,2023-05-11
LAF,280.00,True,08720163,Aileron Roadhouse,"4am-9pm 7 days. Aileron Access Road, off Stuart Highway",0872,Aileron,IN,133.345577,-22.644498,IN,Independent,2023-05-11 14:00:17.473315,2023-05-11
P95,290.00,True,08720163,Aileron Roadhouse,"4am-9pm 7 days. Aileron Access Road, off Stuart Highway",0872,Aileron,IN,133.345577,-22.644498,IN,Independent,2023-05-11 14:00:17.473315,2023-05-11
DL,194.90,True,08460164,Adelaide River Puma,105 Stuart Highway,0846,ADELAIDE RIVER,PM,131.10611,-13.23891,PM,Puma Energy,2023-05-11 14:00:17.473315,2023-05-11
LAF,185.40,True,08460164,Adelaide River Puma,105 Stuart Highway,0846,ADELAIDE RIVER,PM,131.10611,-13.23891,PM,Puma Energy,2023-05-11 14:00:17.473315,2023-05-11
LPG,0.00,True,08460164,Adelaide River Puma,105 Stuart Highway,0846,ADELAIDE RIVER,PM,131.10611,-13.23891,PM,Puma Energy,2023-05-11 14:00:17.473315,2023-05-11
P95,194.90,True,08460164,Adelaide River Puma,105 Stuart Highway,0846,ADELAIDE RIVER,PM,131.10611,-13.23891,PM,Puma Energy,2023-05-11 14:00:17.473315,2023-05-11
DL,240.00,True,08220165,West Arnhem Regional Council Fuel Depot,Lot 118,0822,Minjilang,PM,132.577987,-11.150366,PM,Puma Energy,2023-05-11 14:00:17.473315,2023-05-11
LAF,240.00,True,08220165,West Arnhem Regional Council Fuel Depot,Lot 118,0822,Minjilang,PM,132.577987,-11.150366,PM,Puma Energy,2023-05-11 14:00:17.473315,2023-05-11
DL,315.00,True,08720166,Kanparrka Store,23 Multa Road,0872,Haasts Bluff,IN,131.881686,-23.447896,IN,Independent,2023-05-11 14:00:17.473315,2023-05-11
LAF,260.00,True,08720166,Kanparrka Store,23 Multa Road,0872,Haasts Bluff,IN,131.881686,-23.447896,IN,Independent,2023-05-11 14:00:17.473315,2023-05-11
DL,284.00,True,08720167,Ininti Store,Mutitjula Community,0872,Mutitjula,IV,131.064519,-25.347579,IV,Indervon,2023-05-11 14:00:17.473315,2023-05-11
LAF,252.00,True,08720167,Ininti Store,Mutitjula Community,0872,Mutitjula,IV,131.064519,-25.347579,IV,Indervon,2023-05-11 14:00:17.473315,2023-05-11
U91,0.00,True,08720167,Ininti Store,Mutitjula Community,0872,Mutitjula,IV,131.064519,-25.347579,IV,Indervon,2023-05-11 14:00:17.473315,2023-05-11
DL,215.90,True,08410168,Darwin River Supermarket,175 Darwin River Road,0841,Darwin River,PM,130.962569,-12.780692,PM,Puma Energy,2023-05-11 14:00:17.473315,2023-05-11
U91,181.90,True,08410168,Darwin River Supermarket,175 Darwin River Road,0841,Darwin River,PM,130.962569,-12.780692,PM,Puma Energy,2023-05-11 14:00:17.473315,2023-05-11
DL,203.90,True,08450170,Batchelor Service Centre,27 Rum Jungle Road,0845,Batchelor,PM,131.024666,-13.046233,PM,Puma Energy,2023-05-11 14:00:17.473315,2023-05-11
P95,215.90,True,08450170,Batchelor Service Centre,27 Rum Jungle Road,0845,Batchelor,PM,131.024666,-13.046233,PM,Puma Energy,2023-05-11 14:00:17.473315,2023-05-11
U91,207.60,True,08450170,Batchelor Service Centre,27 Rum Jungle Road,0845,Batchelor,PM,131.024666,-13.046233,PM,Puma Energy,2023-05-11 14:00:17.473315,2023-05-11
DL,235.00,True,08620171,The Elliott Store NT,83 Stuart Highway,0862,Elliott,PM,133.54445,-17.553517,PM,Puma Energy,2023-05-11 14:00:17.473315,2023-05-11
P95,250.00,True,08620171,The Elliott Store NT,83 Stuart Highway,0862,Elliott,PM,133.54445,-17.553517,PM,Puma Energy,2023-05-11 14:00:17.473315,2023-05-11
U91,225.00,True,08620171,The Elliott Store NT,83 Stuart Highway,0862,Elliott,PM,133.54445,-17.553517,PM,Puma Energy,2023-05-11 14:00:17.473315,2023-05-11
DL,245.00,True,08720172,Kings Canyon Resort Service Station and General Store,Luritja Road,0872,Petermann,CA,131.511377,-24.250572,CA,Caltex,2023-05-11 14:00:17.473315,2023-05-11
LPG,0.00,True,08720172,Kings Canyon Resort Service Station and General Store,Luritja Road,0872,Petermann,CA,131.511377,-24.250572,CA,Caltex,2023-05-11 14:00:17.473315,2023-05-11
P95,245.00,True,08720172,Kings Canyon Resort Service Station and General Store,Luritja Road,0872,Petermann,CA,131.511377,-24.250572,CA,Caltex,2023-05-11 14:00:17.473315,2023-05-11
U91,0.00,True,08720172,Kings Canyon Resort Service Station and General Store,Luritja Road,0872,Petermann,CA,131.511377,-24.250572,CA,Caltex,2023-05-11 14:00:17.473315,2023-05-11
DL,182.50,True,08860173,Aurora Kakadu  ,"Mon to Sun 7am-7pm,  Arnhem Highway",0886,South Alligator,PM,132.479186,-12.67492,PM,Puma Energy,2023-05-11 14:00:17.473315,2023-05-11
P95,179.90,True,08860173,Aurora Kakadu  ,"Mon to Sun 7am-7pm,  Arnhem Highway",0886,South Alligator,PM,132.479186,-12.67492,PM,Puma Energy,2023-05-11 14:00:17.473315,2023-05-11
DL,245.00,True,08220174,Daly River Inn,Daly River Road,0822,Daly River,PM,130.709128,-13.765407,PM,Puma Energy,2023-05-11 14:00:17.473315,2023-05-11
U91,215.00,True,08220174,Daly River Inn,Daly River Road,0822,Daly River,PM,130.709128,-13.765407,PM,Puma Energy,2023-05-11 14:00:17.473315,2023-05-11
DL,205.00,True,08520175,Mataranka Central,13 Roper Terrace,0852,Mataranka,IN,133.067712,-14.924114,IN,Independent,2023-05-11 14:00:17.473315,2023-05-11
LAF,199.00,True,08520175,Mataranka Central,13 Roper Terrace,0852,Mataranka,IN,133.067712,-14.924114,IN,Independent,2023-05-11 14:00:17.473315,2023-05-11
P95,215.00,True,08520175,Mataranka Central,13 Roper Terrace,0852,Mataranka,IN,133.067712,-14.924114,IN,Independent,2023-05-11 14:00:17.473315,2023-05-11
DL,284.00,True,08720176,Discovery Parks - Glen Helen ,Byrnes Road / Namatjira Drive,0872,West MacDonnell Ranges,IN,132.673207,-23.685993,IN,Independent,2023-05-11 14:00:17.473315,2023-05-11
P95,265.00,True,08720176,Discovery Parks - Glen Helen ,Byrnes Road / Namatjira Drive,0872,West MacDonnell Ranges,IN,132.673207,-23.685993,IN,Independent,2023-05-11 14:00:17.473315,2023-05-11
DL,235.00,True,08520177,DUNMARRA WAYSIDE INN,13729 Stuart Highway,0852,BIRDUM,SH,133.412717,-16.679732,SH,Shell,2023-05-11 14:00:17.473315,2023-05-11
LAF,225.00,True,08520177,DUNMARRA WAYSIDE INN,13729 Stuart Highway,0852,BIRDUM,SH,133.412717,-16.679732,SH,Shell,2023-05-11 14:00:17.473315,2023-05-11
P95,235.00,True,08520177,DUNMARRA WAYSIDE INN,13729 Stuart Highway,0852,BIRDUM,SH,133.412717,-16.679732,SH,Shell,2023-05-11 14:00:17.473315,2023-05-11
DL,210.00,True,08450178,Litchfield Motel,49 Rum Jungle Rd,0845,Batchelor,BP,131.024511,-13.041652,BP,BP,2023-05-11 14:00:17.473315,2023-05-11
P95,205.00,True,08450178,Litchfield Motel,49 Rum Jungle Rd,0845,Batchelor,BP,131.024511,-13.041652,BP,BP,2023-05-11 14:00:17.473315,2023-05-11
U91,190.00,True,08450178,Litchfield Motel,49 Rum Jungle Rd,0845,Batchelor,BP,131.024511,-13.041652,BP,BP,2023-05-11 14:00:17.473315,2023-05-11
DL,196.90,True,08610179,BP Complex Tennant Creek,"Lot 1041, 216 Paterson Street",0861,Tennant Creek,BP,134.192328,-19.637121,BP,BP,2023-05-11 14:00:17.473315,2023-05-11
LAF,199.90,True,08610179,BP Complex Tennant Creek,"Lot 1041, 216 Paterson Street",0861,Tennant Creek,BP,134.192328,-19.637121,BP,BP,2023-05-11 14:00:17.473315,2023-05-11
P95,219.00,True,08610179,BP Complex Tennant Creek,"Lot 1041, 216 Paterson Street",0861,Tennant Creek,BP,134.192328,-19.637121,BP,BP,2023-05-11 14:00:17.473315,2023-05-11
P98,236.90,True,08610179,BP Complex Tennant Creek,"Lot 1041, 216 Paterson Street",0861,Tennant Creek,BP,134.192328,-19.637121,BP,BP,2023-05-11 14:00:17.473315,2023-05-11
DL,232.00,True,08520180,Daly Waters Pub,Lot 24 Stuart Street,0852,Daly Waters,PM,133.369345,-16.253798,PM,Puma Energy,2023-05-11 14:00:17.473315,2023-05-11
LAF,210.00,True,08520180,Daly Waters Pub,Lot 24 Stuart Street,0852,Daly Waters,PM,133.369345,-16.253798,PM,Puma Energy,2023-05-11 14:00:17.473315,2023-05-11
P95,220.00,True,08520180,Daly Waters Pub,Lot 24 Stuart Street,0852,Daly Waters,PM,133.369345,-16.253798,PM,Puma Energy,2023-05-11 14:00:17.473315,2023-05-11
DL,280.00,True,08200181,Roper Bar ,"1 Jetty Road, Roper Highway",0852,Limmen,IN,134.528786,-14.735076,IN,Independent,2023-05-11 14:00:17.473315,2023-05-11
LAF,270.00,True,08200181,Roper Bar ,"1 Jetty Road, Roper Highway",0852,Limmen,IN,134.528786,-14.735076,IN,Independent,2023-05-11 14:00:17.473315,2023-05-11
LAF,203.90,True,08700183,Ampol Teppa Hill,3/34 North Stuart Highway,0870,Alice Springs,AM,133.876074,-23.691003,AM,AMPOL,2023-05-11 14:00:17.473315,2023-05-11
P95,218.90,True,08700183,Ampol Teppa Hill,3/34 North Stuart Highway,0870,Alice Springs,AM,133.876074,-23.691003,AM,AMPOL,2023-05-11 14:00:17.473315,2023-05-11
PD,212.90,True,08700183,Ampol Teppa Hill,3/34 North Stuart Highway,0870,Alice Springs,AM,133.876074,-23.691003,AM,AMPOL,2023-05-11 14:00:17.473315,2023-05-11
DL,194.90,True,08460185,Auto Port Adelaide River,120 Stuart Highway,0846,Adelaide River,BP,131.104685,-13.237805,BP,BP,2023-05-11 14:00:17.473315,2023-05-11
LAF,185.40,True,08460185,Auto Port Adelaide River,120 Stuart Highway,0846,Adelaide River,BP,131.104685,-13.237805,BP,BP,2023-05-11 14:00:17.473315,2023-05-11
P95,194.90,True,08460185,Auto Port Adelaide River,120 Stuart Highway,0846,Adelaide River,BP,131.104685,-13.237805,BP,BP,2023-05-11 14:00:17.473315,2023-05-11
U91,0.00,True,08460185,Auto Port Adelaide River,120 Stuart Highway,0846,Adelaide River,BP,131.104685,-13.237805,BP,BP,2023-05-11 14:00:17.473315,2023-05-11
DL,209.50,True,08280186,BP Berrimah OPT (Recharge Petroleum),Cnr Angliss Rd and Fotiades Rd,0828,Berrimah,BP,130.94755,-12.447604,BP,BP,2023-05-11 14:00:17.473315,2023-05-11
DL,205.50,True,08600187,Tennant Creek Service Station,222 Paterson Street,0860,Tennant Creek,UN,134.192451,-19.636383,UN,United,2023-05-11 14:00:17.473315,2023-05-11
LAF,201.50,True,08600187,Tennant Creek Service Station,222 Paterson Street,0860,Tennant Creek,UN,134.192451,-19.636383,UN,United,2023-05-11 14:00:17.473315,2023-05-11
LPG,169.90,True,08600187,Tennant Creek Service Station,222 Paterson Street,0860,Tennant Creek,UN,134.192451,-19.636383,UN,United,2023-05-11 14:00:17.473315,2023-05-11
P95,222.50,True,08600187,Tennant Creek Service Station,222 Paterson Street,0860,Tennant Creek,UN,134.192451,-19.636383,UN,United,2023-05-11 14:00:17.473315,2023-05-11
DL,260.00,True,08620188,Midland Caravan Park,102 Stuart Highway,0862,Elliott,CA,133.548101,-17.555759,CA,Caltex,2023-05-11 14:00:17.473315,2023-05-11
P95,249.00,True,08620188,Midland Caravan Park,102 Stuart Highway,0862,Elliott,CA,133.548101,-17.555759,CA,Caltex,2023-05-11 14:00:17.473315,2023-05-11
U91,241.00,True,08620188,Midland Caravan Park,102 Stuart Highway,0862,Elliott,CA,133.548101,-17.555759,CA,Caltex,2023-05-11 14:00:17.473315,2023-05-11
DL,191.80,True,08700190,Refuel Depot Ghan Road,16 Ghan Road,0870,ALICE SPRINGS,AM,133.871466,-23.693791,AM,AMPOL,2023-05-11 14:00:17.473315,2023-05-11
P98,210.80,True,08700190,Refuel Depot Ghan Road,16 Ghan Road,0870,ALICE SPRINGS,AM,133.871466,-23.693791,AM,AMPOL,2023-05-11 14:00:17.473315,2023-05-11
U91,190.80,True,08700190,Refuel Depot Ghan Road,16 Ghan Road,0870,ALICE SPRINGS,AM,133.871466,-23.693791,AM,AMPOL,2023-05-11 14:00:17.473315,2023-05-11
DL,191.80,True,08700191,Refuel Australia Truckstop Smith Street,Lot 913 Smith Street,0870,ALICE SPRINGS,AM,133.871034,-23.692967,AM,AMPOL,2023-05-11 14:00:17.473315,2023-05-11
DL,260.00,True,08720193,Arlparra Store,1 Sandover Highway,0872,Arlparra,PM,134.776019,-22.086357,PM,Puma Energy,2023-05-11 14:00:17.473315,2023-05-11
LAF,250.00,True,08720193,Arlparra Store,1 Sandover Highway,0872,Arlparra,PM,134.776019,-22.086357,PM,Puma Energy,2023-05-11 14:00:17.473315,2023-05-11
DL,289.90,True,08720194,Barrow Creek Hotel," Open 7 days  07:00 - 21:00, excluding Christmas day - NT Portion 449 Stuart Highway",0872,Barrow Creek,UN,133.889308,-21.531326,UN,United,2023-05-11 14:00:17.473315,2023-05-11
P95,289.90,True,08720194,Barrow Creek Hotel," Open 7 days  07:00 - 21:00, excluding Christmas day - NT Portion 449 Stuart Highway",0872,Barrow Creek,UN,133.889308,-21.531326,UN,United,2023-05-11 14:00:17.473315,2023-05-11
DL,199.90,True,08500195,Shell Katherine,7 Gillard Crescent - Corner Zimin Drive,0850,Katherine,SH,132.245342,-14.454156,SH,Shell,2023-05-11 14:00:17.473315,2023-05-11
LAF,185.90,True,08500195,Shell Katherine,7 Gillard Crescent - Corner Zimin Drive,0850,Katherine,SH,132.245342,-14.454156,SH,Shell,2023-05-11 14:00:17.473315,2023-05-11
P95,198.90,True,08500195,Shell Katherine,7 Gillard Crescent - Corner Zimin Drive,0850,Katherine,SH,132.245342,-14.454156,SH,Shell,2023-05-11 14:00:17.473315,2023-05-11
DL,275.00,True,08720196,Ti Tree Farm Garden,26  Spencer Street,0872,Ti Tree,IN,133.41331,-22.12836,IN,Independent,2023-05-11 14:00:17.473315,2023-05-11
LAF,275.00,True,08720196,Ti Tree Farm Garden,26  Spencer Street,0872,Ti Tree,IN,133.41331,-22.12836,IN,Independent,2023-05-11 14:00:17.473315,2023-05-11
DL,280.00,True,08720197,Ti Tree Roadhouse,Lot 3 Stuart Highway,0872,Ti Tree,AM,133.423997,-22.097869,AM,AMPOL,2023-05-11 14:00:17.473315,2023-05-11
LAF,250.00,True,08720197,Ti Tree Roadhouse,Lot 3 Stuart Highway,0872,Ti Tree,AM,133.423997,-22.097869,AM,AMPOL,2023-05-11 14:00:17.473315,2023-05-11
P95,260.00,True,08720197,Ti Tree Roadhouse,Lot 3 Stuart Highway,0872,Ti Tree,AM,133.423997,-22.097869,AM,AMPOL,2023-05-11 14:00:17.473315,2023-05-11
DL,285.00,True,48250198,Tobermorey Roadhouse,"1 Tobermorey Roadhouse, Plenty Highway",4825,Urandangie,IN,137.973541,-22.274359,IN,Independent,2023-05-11 14:00:17.473315,2023-05-11
U91,279.00,True,48250198,Tobermorey Roadhouse,"1 Tobermorey Roadhouse, Plenty Highway",4825,Urandangie,IN,137.973541,-22.274359,IN,Independent,2023-05-11 14:00:17.473315,2023-05-11
LPG,189.00,True,08200200,My Autocare ,166 Coonawarra Road,0820,Winnellie,IN,130.891404,-12.430993,IN,Independent,2023-05-11 14:00:17.473315,2023-05-11
DL,194.90,True,08700201,BP Alice Springs Depot (Recharge Petroleum),20 Whittaker Street,0870,Alice Springs,BP,133.874662,-23.695305,BP,BP,2023-05-11 14:00:17.473315,2023-05-11
DL,194.90,True,08500202,BP Katherine Depot (Recharge Petroleum),Corner Zimin Drive and Gillard Crescent,0850,Katherine,BP,132.24627,-14.4535,BP,BP,2023-05-11 14:00:17.473315,2023-05-11
LAF,184.90,True,08500202,BP Katherine Depot (Recharge Petroleum),Corner Zimin Drive and Gillard Crescent,0850,Katherine,BP,132.24627,-14.4535,BP,BP,2023-05-11 14:00:17.473315,2023-05-11
P95,199.90,True,08500202,BP Katherine Depot (Recharge Petroleum),Corner Zimin Drive and Gillard Crescent,0850,Katherine,BP,132.24627,-14.4535,BP,BP,2023-05-11 14:00:17.473315,2023-05-11
P98,217.90,True,08500202,BP Katherine Depot (Recharge Petroleum),Corner Zimin Drive and Gillard Crescent,0850,Katherine,BP,132.24627,-14.4535,BP,BP,2023-05-11 14:00:17.473315,2023-05-11
DL,194.90,True,08500203,Katherine Depot,40 Emungalan Road,0850,Emungalan,PM,132.249913,-14.448127,PM,Puma Energy,2023-05-11 14:00:17.473315,2023-05-11
DL,197.90,True,08700204,Alice Springs Depot,12 Dalgety Road,0870,Braitling,PM,133.864862,-23.669213,PM,Puma Energy,2023-05-11 14:00:17.473315,2023-05-11
LAF,199.90,True,08700204,Alice Springs Depot,12 Dalgety Road,0870,Braitling,PM,133.864862,-23.669213,PM,Puma Energy,2023-05-11 14:00:17.473315,2023-05-11
P98,234.90,True,08700204,Alice Springs Depot,12 Dalgety Road,0870,Braitling,PM,133.864862,-23.669213,PM,Puma Energy,2023-05-11 14:00:17.473315,2023-05-11
DL,195.80,True,08500205,Refuel Australia Katherine OPT ,4 Bicentennial Road,0850,Katherine South,AM,132.25816,-14.487214,AM,AMPOL,2023-05-11 14:00:17.473315,2023-05-11
PD,0.00,True,08500205,Refuel Australia Katherine OPT ,4 Bicentennial Road,0850,Katherine South,AM,132.25816,-14.487214,AM,AMPOL,2023-05-11 14:00:17.473315,2023-05-11
DL,290.00,True,08720206,Yuendumu Store ,369 Colliston Road,0872,Yuendumu,IV,131.795078,-22.25346,IV,Indervon,2023-05-11 14:00:17.473315,2023-05-11
LAF,290.00,True,08720206,Yuendumu Store ,369 Colliston Road,0872,Yuendumu,IV,131.795078,-22.25346,IV,Indervon,2023-05-11 14:00:17.473315,2023-05-11
LAF,200.00,True,08600207,Red Shop,71 Peko Road,0860,Tennant Creek,IN,134.19919,-19.646463,IN,Independent,2023-05-11 14:00:17.473315,2023-05-11
DL,221.00,True,08520208,Wirib Store and Tourism Park,"Lot 1, 13 Victoria Highway",0852,Timber Creek,UN,130.480756,-15.662884,UN,United,2023-05-11 14:00:17.473315,2023-05-11
P95,217.00,True,08520208,Wirib Store and Tourism Park,"Lot 1, 13 Victoria Highway",0852,Timber Creek,UN,130.480756,-15.662884,UN,United,2023-05-11 14:00:17.473315,2023-05-11
U91,212.00,True,08520208,Wirib Store and Tourism Park,"Lot 1, 13 Victoria Highway",0852,Timber Creek,UN,130.480756,-15.662884,UN,United,2023-05-11 14:00:17.473315,2023-05-11
DL,207.50,True,08350209,BP Pinelands NT,869 Stuart Highway ,0829,Holtze,BP,130.96321,-12.45187,BP,BP,2023-05-11 14:00:17.473315,2023-05-11
P95,195.50,True,08350209,BP Pinelands NT,869 Stuart Highway ,0829,Holtze,BP,130.96321,-12.45187,BP,BP,2023-05-11 14:00:17.473315,2023-05-11
P98,222.50,True,08350209,BP Pinelands NT,869 Stuart Highway ,0829,Holtze,BP,130.96321,-12.45187,BP,BP,2023-05-11 14:00:17.473315,2023-05-11
U91,181.50,True,08350209,BP Pinelands NT,869 Stuart Highway ,0829,Holtze,BP,130.96321,-12.45187,BP,BP,2023-05-11 14:00:17.473315,2023-05-11
DL,207.50,True,08500210,OTR Katherine Truckstop,85 Bicentennial Road,0850,Katherine South,PM,132.27509,-14.47085,PM,Puma Energy,2023-05-11 14:00:17.473315,2023-05-11
LAF,190.50,True,08500210,OTR Katherine Truckstop,85 Bicentennial Road,0850,Katherine South,PM,132.27509,-14.47085,PM,Puma Energy,2023-05-11 14:00:17.473315,2023-05-11
P95,202.50,True,08500210,OTR Katherine Truckstop,85 Bicentennial Road,0850,Katherine South,PM,132.27509,-14.47085,PM,Puma Energy,2023-05-11 14:00:17.473315,2023-05-11
P98,219.50,True,08500210,OTR Katherine Truckstop,85 Bicentennial Road,0850,Katherine South,PM,132.27509,-14.47085,PM,Puma Energy,2023-05-11 14:00:17.473315,2023-05-11
DL,250.00,True,08720211,Maryvale Store,Old South Road,0872,Maryvale,PM,134.072466,-24.667734,PM,Puma Energy,2023-05-11 14:00:17.473315,2023-05-11
U91,250.00,True,08720211,Maryvale Store,Old South Road,0872,Maryvale,PM,134.072466,-24.667734,PM,Puma Energy,2023-05-11 14:00:17.473315,2023-05-11
DL,209.90,True,08220212,BP Darwin Truckstop,13 Distribution Drive,0822,Wishart,BP,130.941972,-12.457972,BP,BP,2023-05-11 14:00:17.473315,2023-05-11
P95,193.90,True,08220212,BP Darwin Truckstop,13 Distribution Drive,0822,Wishart,BP,130.941972,-12.457972,BP,BP,2023-05-11 14:00:17.473315,2023-05-11
PD,212.90,True,08220212,BP Darwin Truckstop,13 Distribution Drive,0822,Wishart,BP,130.941972,-12.457972,BP,BP,2023-05-11 14:00:17.473315,2023-05-11
U91,181.90,True,08220212,BP Darwin Truckstop,13 Distribution Drive,0822,Wishart,BP,130.941972,-12.457972,BP,BP,2023-05-11 14:00:17.473315,2023-05-11
DL,260.00,True,08720213,Ross River Resort,7829 Ross Highway,0872,Hale,PM,134.493035,-23.593343,PM,Puma Energy,2023-05-11 14:00:17.473315,2023-05-11
U91,260.00,True,08720213,Ross River Resort,7829 Ross Highway,0872,Hale,PM,134.493035,-23.593343,PM,Puma Energy,2023-05-11 14:00:17.473315,2023-05-11
DL,209.90,True,08380214,Puma Berry Springs,795 Cox Peninsula Road,0838,Berry Springs,PM,131.015543,-12.701106,PM,Puma Energy,2023-05-11 14:00:17.473315,2023-05-11
P95,196.90,True,08380214,Puma Berry Springs,795 Cox Peninsula Road,0838,Berry Springs,PM,131.015543,-12.701106,PM,Puma Energy,2023-05-11 14:00:17.473315,2023-05-11
P98,228.90,True,08380214,Puma Berry Springs,795 Cox Peninsula Road,0838,Berry Springs,PM,131.015543,-12.701106,PM,Puma Energy,2023-05-11 14:00:17.473315,2023-05-11
U91,182.90,True,08380214,Puma Berry Springs,795 Cox Peninsula Road,0838,Berry Springs,PM,131.015543,-12.701106,PM,Puma Energy,2023-05-11 14:00:17.473315,2023-05-11
DL,250.00,True,08720215,MacDonald Downs Store,Plenty Highway,0872,Harts Range,IV,135.036634,-22.612895,IV,Indervon,2023-05-11 14:00:17.473315,2023-05-11
U91,250.00,True,08720215,MacDonald Downs Store,Plenty Highway,0872,Harts Range,IV,135.036634,-22.612895,IV,Indervon,2023-05-11 14:00:17.473315,2023-05-11
DL,280.00,True,08720216,Redgum Store,1 Redgum Road,0872,via Arlparra,IV,134.970824,-22.262279,IV,Indervon,2023-05-11 14:00:17.473315,2023-05-11
LAF,260.00,True,08720216,Redgum Store,1 Redgum Road,0872,via Arlparra,IV,134.970824,-22.262279,IV,Indervon,2023-05-11 14:00:17.473315,2023-05-11
DL,206.50,True,08300217,FuelXpress Palmerston,Cnr Roystonea Avenue & Temple Terrace,0830,Palmerston,FX,130.98852,-12.478572,FX,FuelXpress,2023-05-11 14:00:17.473315,2023-05-11
P95,194.50,True,08300217,FuelXpress Palmerston,Cnr Roystonea Avenue & Temple Terrace,0830,Palmerston,FX,130.98852,-12.478572,FX,FuelXpress,2023-05-11 14:00:17.473315,2023-05-11
P98,221.50,True,08300217,FuelXpress Palmerston,Cnr Roystonea Avenue & Temple Terrace,0830,Palmerston,FX,130.98852,-12.478572,FX,FuelXpress,2023-05-11 14:00:17.473315,2023-05-11
PD,206.50,True,08300217,FuelXpress Palmerston,Cnr Roystonea Avenue & Temple Terrace,0830,Palmerston,FX,130.98852,-12.478572,FX,FuelXpress,2023-05-11 14:00:17.473315,2023-05-11
U91,181.50,True,08300217,FuelXpress Palmerston,Cnr Roystonea Avenue & Temple Terrace,0830,Palmerston,FX,130.98852,-12.478572,FX,FuelXpress,2023-05-11 14:00:17.473315,2023-05-11
DL,197.80,True,08600218,Refuel Australia Tennant Creek,25 Standley Street,0860,Tennant Creek,AM,134.185093,-19.654691,AM,AMPOL,2023-05-11 14:00:17.473315,2023-05-11
DL,218.90,True,08220219,The Bark Hut Inn,3737 Arnhem Highway,0822,Mount Bundey,BP,131.67569,-12.9001,BP,BP,2023-05-11 14:00:17.473315,2023-05-11
P95,208.90,True,08220219,The Bark Hut Inn,3737 Arnhem Highway,0822,Mount Bundey,BP,131.67569,-12.9001,BP,BP,2023-05-11 14:00:17.473315,2023-05-11
U91,197.90,True,08220219,The Bark Hut Inn,3737 Arnhem Highway,0822,Mount Bundey,BP,131.67569,-12.9001,BP,BP,2023-05-11 14:00:17.473315,2023-05-11
DL,335.00,True,08220221,Buthan Store,"Lot 558, Elcho Island",0822,Elcho Island,PM,135.57542,-12.02066,PM,Puma Energy,2023-05-11 14:00:17.473315,2023-05-11
DL,207.50,True,08100222,BP Coconut Grove,331 Bagot Road,0810,Coconut Grove,BP,130.85574,-12.394908,BP,BP,2023-05-11 14:00:17.473315,2023-05-11
P95,195.50,True,08100222,BP Coconut Grove,331 Bagot Road,0810,Coconut Grove,BP,130.85574,-12.394908,BP,BP,2023-05-11 14:00:17.473315,2023-05-11
P98,222.50,True,08100222,BP Coconut Grove,331 Bagot Road,0810,Coconut Grove,BP,130.85574,-12.394908,BP,BP,2023-05-11 14:00:17.473315,2023-05-11
U91,181.50,True,08100222,BP Coconut Grove,331 Bagot Road,0810,Coconut Grove,BP,130.85574,-12.394908,BP,BP,2023-05-11 14:00:17.473315,2023-05-11
DL,300.00,True,08540223,Lorella Springs,"PL 757 Portion 1333, Savannah Way, via Borroloola NT 0854",0852,McArthur,IN,135.640308,-15.721022,IN,Independent,2023-05-11 14:00:17.473315,2023-05-11
U91,350.00,True,08540223,Lorella Springs,"PL 757 Portion 1333, Savannah Way, via Borroloola NT 0854",0852,McArthur,IN,135.640308,-15.721022,IN,Independent,2023-05-11 14:00:17.473315,2023-05-11
DL,250.00,True,08720224,Bonya Store,"Lot 32, Bonya Community ",0872,Anatye,IV,136.169381,-22.789573,IV,Indervon,2023-05-11 14:00:17.473315,2023-05-11
LAF,250.00,True,08720224,Bonya Store,"Lot 32, Bonya Community ",0872,Anatye,IV,136.169381,-22.789573,IV,Indervon,2023-05-11 14:00:17.473315,2023-05-11
DL,275.00,True,08720225,Engawala Store,"Lot 35, Webb Street",0872,ENGAWALA,PM,134.454302,-22.803378,PM,Puma Energy,2023-05-11 14:00:17.473315,2023-05-11
LAF,275.00,True,08720225,Engawala Store,"Lot 35, Webb Street",0872,ENGAWALA,PM,134.454302,-22.803378,PM,Puma Energy,2023-05-11 14:00:17.473315,2023-05-11
DL,258.00,True,08620226,Renner Springs Desert Inn (BP Fuel),9047 Stuart Highway - 24 Hours,0862,Renner Springs,BP,133.79596,-18.3186,BP,BP,2023-05-11 14:00:17.473315,2023-05-11
DL,194.80,True,08700227,Refuel Australia Stuarts Well,8824-8844 Stuart Highway,0870,Stuarts Well,AM,133.459558,-24.338779,AM,AMPOL,2023-05-11 14:00:17.473315,2023-05-11
DL,188.90,True,08700228,Alice Springs OPT,4 Dowdy Court,0870,Ciccone,IN,133.86375,-23.69296,IN,Independent,2023-05-11 14:00:17.473315,2023-05-11
DL,209.90,True,08700229,Mogas Alice Springs Airport OPT,462 Davis Drive,0870,Alice Springs,MO,133.901217,-23.800427,MO,Mogas,2023-05-11 14:00:17.473315,2023-05-11
LAF,199.90,True,08700229,Mogas Alice Springs Airport OPT,462 Davis Drive,0870,Alice Springs,MO,133.901217,-23.800427,MO,Mogas,2023-05-11 14:00:17.473315,2023-05-11
